epoch,time,train/box_loss,train/cls_loss,train/dfl_loss,metrics/precision(B),metrics/recall(B),metrics/mAP50(B),metrics/mAP75(B),metrics/mAP50-95(B),val/box_loss,val/cls_loss,val/dfl_loss,lr/pg0,lr/pg1,lr/pg2
1,25.5365,3.00545,4.01539,4.2113,0.00454,0.77083,0.00401,0.00062,0.00136,2.64509,3.82579,4.15145,0.00329412,0.00329412,0.00329412
2,43.1002,3.03094,4.0168,4.2107,0.00437,0.81901,0.00726,0.00234,0.00264,2.64833,3.82648,4.15317,0.00662089,0.00662089,0.00662089
3,60.0691,2.99857,4.01932,4.22284,0.0093,0.01432,0.01087,0.00251,0.00329,2.6377,4.35969,4.22333,0.00994106,0.00994106,0.00994106
4,77.6263,3.01633,4.01204,4.21041,0.01011,0.38746,0.00483,0.00032,0.00115,2.73463,45.8977,5.60169,0.0099703,0.0099703,0.0099703
5,94.9335,3.03004,3.98889,4.17223,0.00446,0.05394,0.00272,0.00038,0.00082,2.79802,inf,6.99773,0.0099604,0.0099604,0.0099604
6,112.441,3.01453,3.95589,4.1002,0.00373,0.34356,0.00322,0.0007,0.00116,2.79539,26.9171,4.48643,0.0099505,0.0099505,0.0099505
7,129.611,2.91648,3.831,3.82412,0.00398,0.28255,0.0087,0.00096,0.00254,2.9454,6.25811,4.00225,0.0099406,0.0099406,0.0099406
8,147.015,2.62654,3.56289,3.36716,0.34457,0.20089,0.052,0.00587,0.01835,2.6286,4.63713,3.69199,0.0099307,0.0099307,0.0099307
9,164.355,2.26968,3.36546,3.00393,0.37712,0.50837,0.13619,0.03945,0.0674,2.14601,3.31276,3.23725,0.0099208,0.0099208,0.0099208
10,181.597,1.99647,3.10343,2.69182,0.36363,0.55191,0.17359,0.09882,0.09776,1.89943,3.07364,2.86871,0.0099109,0.0099109,0.0099109
11,199.069,1.72117,2.66847,2.41727,0.36532,0.61843,0.22859,0.15727,0.13653,1.73001,3.02957,2.80903,0.009901,0.009901,0.009901
12,216.032,1.58572,2.5338,2.26676,0.3937,0.60209,0.24123,0.20049,0.16472,1.71937,2.93838,2.77192,0.0098911,0.0098911,0.0098911
13,232.701,1.44953,2.35082,2.11514,0.47807,0.39347,0.30737,0.23756,0.21543,1.58581,2.66481,2.62068,0.0098812,0.0098812,0.0098812
14,249.617,1.37305,2.2969,2.05309,0.43373,0.51447,0.24037,0.20849,0.16957,1.65745,2.65642,2.65435,0.0098713,0.0098713,0.0098713
15,266.547,1.29875,2.19543,1.96916,0.47426,0.57643,0.2849,0.24791,0.20663,1.4946,2.44832,2.51106,0.0098614,0.0098614,0.0098614
16,283.928,1.23013,2.03865,1.88451,0.50163,0.43278,0.30666,0.26507,0.22105,1.45603,2.38622,2.41789,0.0098515,0.0098515,0.0098515
17,301.021,1.21261,2.0274,1.86955,0.2216,0.66257,0.30812,0.27525,0.22934,1.46899,2.43431,2.39101,0.0098416,0.0098416,0.0098416
18,318.084,1.15684,1.94592,1.78548,0.2314,0.65991,0.33064,0.29316,0.24054,1.35204,2.51098,2.27452,0.0098317,0.0098317,0.0098317
19,335.214,1.15219,1.95723,1.7843,0.25678,0.64174,0.29865,0.24662,0.21735,1.35953,2.28184,2.26776,0.0098218,0.0098218,0.0098218
20,352.395,1.08183,1.86249,1.71778,0.23782,0.69423,0.27776,0.2278,0.2067,1.28192,2.27384,2.16341,0.0098119,0.0098119,0.0098119
21,369.358,1.06252,1.84573,1.70726,0.28954,0.62098,0.34183,0.29615,0.25354,1.37295,2.29079,2.25731,0.009802,0.009802,0.009802
22,386.272,1.03344,1.78387,1.65832,0.256,0.68173,0.38861,0.32782,0.28987,1.25633,2.3243,2.11462,0.0097921,0.0097921,0.0097921
23,403.216,0.98953,1.74491,1.62477,0.29839,0.67092,0.38628,0.33048,0.29293,1.24882,2.10807,2.07583,0.0097822,0.0097822,0.0097822
24,420.13,1.01695,1.7809,1.64611,0.40882,0.68752,0.41819,0.35708,0.3154,1.246,1.9322,2.07442,0.0097723,0.0097723,0.0097723
25,437.054,0.99381,1.71077,1.60865,0.2887,0.71081,0.38323,0.29965,0.27361,1.24699,1.99962,2.10437,0.0097624,0.0097624,0.0097624
26,453.951,0.97143,1.68963,1.5965,0.35391,0.68328,0.42918,0.36755,0.32307,1.19431,1.94296,2.06009,0.0097525,0.0097525,0.0097525
27,470.75,0.96854,1.62942,1.58083,0.41157,0.68359,0.43893,0.36342,0.32287,1.15746,1.81045,2.02089,0.0097426,0.0097426,0.0097426
28,487.748,0.92248,1.58952,1.54769,0.44214,0.64379,0.43716,0.37727,0.32723,1.20616,1.84613,2.02098,0.0097327,0.0097327,0.0097327
29,504.724,0.92037,1.59773,1.52846,0.3434,0.634,0.44525,0.38474,0.33111,1.25771,1.91506,2.0107,0.0097228,0.0097228,0.0097228
30,521.57,0.92802,1.59506,1.52728,0.36813,0.6901,0.42924,0.36399,0.31815,1.21392,1.95442,2.04033,0.0097129,0.0097129,0.0097129
31,538.577,0.89632,1.52757,1.51481,0.41197,0.7118,0.52142,0.43792,0.39499,1.10392,1.67075,1.84552,0.009703,0.009703,0.009703
32,555.576,0.92843,1.54935,1.54381,0.45741,0.71945,0.54049,0.44286,0.40723,1.1242,1.60938,1.8792,0.0096931,0.0096931,0.0096931
33,572.275,0.90029,1.49932,1.51263,0.36152,0.73359,0.55685,0.45803,0.42639,1.09362,1.89038,1.8156,0.0096832,0.0096832,0.0096832
34,589.101,0.88222,1.47664,1.49463,0.36586,0.72154,0.52477,0.44245,0.39923,1.11581,1.8406,1.88654,0.0096733,0.0096733,0.0096733
35,605.971,0.88172,1.48532,1.49529,0.49594,0.65949,0.59279,0.48878,0.44974,1.11606,1.71841,1.8612,0.0096634,0.0096634,0.0096634
36,623.098,0.86719,1.46399,1.46921,0.55259,0.69819,0.58339,0.47944,0.44327,1.11282,1.50327,1.8368,0.0096535,0.0096535,0.0096535
37,640.209,0.86186,1.45951,1.48415,0.55083,0.63088,0.61585,0.5063,0.46301,1.11909,1.46872,1.81465,0.0096436,0.0096436,0.0096436
38,657.291,0.87236,1.44682,1.47984,0.56606,0.67241,0.65658,0.56967,0.52326,1.05092,1.50452,1.76076,0.0096337,0.0096337,0.0096337
39,674.47,0.86921,1.43867,1.47493,0.53595,0.70606,0.59195,0.49762,0.45471,1.07042,1.65701,1.7796,0.0096238,0.0096238,0.0096238
40,691.35,0.85286,1.42717,1.46317,0.58978,0.67984,0.61566,0.5167,0.46726,1.10327,1.45909,1.75722,0.0096139,0.0096139,0.0096139
41,708.223,0.83638,1.40503,1.45092,0.53069,0.73661,0.6267,0.53456,0.49903,0.99451,1.4566,1.66881,0.009604,0.009604,0.009604
42,725.115,0.83721,1.36551,1.44896,0.64791,0.63151,0.69468,0.59858,0.5559,1.03568,1.48947,1.70942,0.0095941,0.0095941,0.0095941
43,742.27,0.83423,1.36685,1.43811,0.62469,0.72553,0.66141,0.56268,0.51287,1.02994,1.45725,1.72372,0.0095842,0.0095842,0.0095842
44,759.364,0.78239,1.3239,1.40731,0.53891,0.70939,0.65004,0.54489,0.50331,1.04699,1.52198,1.73073,0.0095743,0.0095743,0.0095743
45,776.497,0.80394,1.32483,1.41621,0.66845,0.5553,0.69144,0.57446,0.53838,1.03147,1.44807,1.68283,0.0095644,0.0095644,0.0095644
46,793.585,0.79155,1.31068,1.41258,0.61771,0.71082,0.64507,0.5309,0.4979,1.05844,1.42692,1.76319,0.0095545,0.0095545,0.0095545
47,810.794,0.82288,1.37017,1.43161,0.6662,0.66972,0.69075,0.55652,0.52993,1.11675,1.60186,1.76761,0.0095446,0.0095446,0.0095446
48,827.943,0.79874,1.33509,1.42028,0.6449,0.62489,0.69483,0.58588,0.55534,1.02035,1.35234,1.7176,0.0095347,0.0095347,0.0095347
49,845.022,0.77844,1.29723,1.38965,0.67379,0.64682,0.68229,0.57187,0.53209,1.02906,1.34928,1.64583,0.0095248,0.0095248,0.0095248
50,861.785,0.78677,1.26439,1.38976,0.73015,0.71512,0.72197,0.60717,0.57495,1.00405,1.28497,1.65505,0.0095149,0.0095149,0.0095149
51,878.594,0.79396,1.27752,1.39747,0.56095,0.73348,0.70344,0.61203,0.57417,0.97137,1.45819,1.60571,0.009505,0.009505,0.009505
52,895.525,0.78475,1.22572,1.39835,0.6915,0.65247,0.73947,0.64671,0.59979,0.96445,1.23625,1.65224,0.0094951,0.0094951,0.0094951
53,912.472,0.75289,1.28221,1.36525,0.66682,0.74418,0.72244,0.58238,0.54452,1.07938,1.30935,1.73421,0.0094852,0.0094852,0.0094852
54,929.421,0.76,1.23594,1.37073,0.66629,0.72363,0.72865,0.62904,0.58761,0.95503,1.37296,1.58876,0.0094753,0.0094753,0.0094753
55,946.559,0.74129,1.24928,1.35735,0.77684,0.67803,0.77185,0.67513,0.62337,0.97337,1.24088,1.63084,0.0094654,0.0094654,0.0094654
56,963.26,0.74253,1.21016,1.34347,0.66622,0.77321,0.83224,0.69745,0.66924,1.01669,1.32663,1.61231,0.0094555,0.0094555,0.0094555
57,980.247,0.76116,1.22723,1.36685,0.70011,0.63494,0.74323,0.63418,0.58072,1.02195,1.47554,1.62577,0.0094456,0.0094456,0.0094456
58,997.691,0.77015,1.1782,1.37634,0.74618,0.72332,0.79959,0.69061,0.64014,0.9417,1.12511,1.5645,0.0094357,0.0094357,0.0094357
59,1014.75,0.76926,1.22462,1.37217,0.8242,0.69901,0.81211,0.69877,0.65042,0.99784,1.14269,1.61096,0.0094258,0.0094258,0.0094258
60,1031.64,0.73106,1.17981,1.35267,0.66407,0.68602,0.72468,0.59803,0.56994,1.01922,1.41367,1.64608,0.0094159,0.0094159,0.0094159
61,1048.57,0.77133,1.22228,1.37514,0.59638,0.79423,0.78851,0.69295,0.62733,0.96341,1.29021,1.58407,0.009406,0.009406,0.009406
62,1065.54,0.76809,1.18857,1.36238,0.77575,0.71693,0.76624,0.65224,0.60469,0.96298,1.13234,1.57792,0.0093961,0.0093961,0.0093961
63,1082.46,0.74936,1.19153,1.35777,0.7689,0.74127,0.79934,0.69866,0.64256,0.94351,1.12352,1.53711,0.0093862,0.0093862,0.0093862
64,1099.45,0.76047,1.20473,1.3646,0.71408,0.76583,0.82342,0.70994,0.66083,0.92291,1.14461,1.49857,0.0093763,0.0093763,0.0093763
65,1116.55,0.73479,1.1762,1.33761,0.63775,0.7449,0.74819,0.65337,0.59815,0.96675,1.24283,1.57704,0.0093664,0.0093664,0.0093664
66,1133.47,0.72734,1.18695,1.3461,0.74482,0.69026,0.76067,0.64624,0.60233,0.96374,1.32826,1.5903,0.0093565,0.0093565,0.0093565
67,1150.59,0.7018,1.14317,1.31821,0.66219,0.73698,0.76002,0.65606,0.606,0.94528,1.29205,1.55367,0.0093466,0.0093466,0.0093466
68,1167.61,0.71055,1.15814,1.32265,0.76605,0.68557,0.79308,0.66674,0.61705,1.04959,1.31495,1.64967,0.0093367,0.0093367,0.0093367
69,1184.88,0.75109,1.13284,1.35919,0.54018,0.77214,0.70511,0.61305,0.56423,0.9165,1.34145,1.53653,0.0093268,0.0093268,0.0093268
70,1201.66,0.73095,1.18258,1.33977,0.8121,0.69196,0.80153,0.66417,0.63119,0.99176,1.25345,1.58795,0.0093169,0.0093169,0.0093169
71,1218.71,0.73465,1.13902,1.3381,0.71559,0.76472,0.83964,0.72259,0.66717,0.95417,1.12365,1.53061,0.009307,0.009307,0.009307
72,1235.67,0.74614,1.17282,1.34649,0.77686,0.74923,0.83489,0.71026,0.67655,0.96877,1.07869,1.54067,0.0092971,0.0092971,0.0092971
73,1252.72,0.69821,1.13024,1.31182,0.68154,0.74074,0.79917,0.71045,0.65675,0.89226,1.20036,1.49353,0.0092872,0.0092872,0.0092872
74,1269.79,0.70159,1.15412,1.31933,0.69762,0.77613,0.82389,0.72328,0.67613,0.89914,1.12465,1.50839,0.0092773,0.0092773,0.0092773
75,1286.55,0.71775,1.10463,1.32176,0.68707,0.81901,0.7916,0.68486,0.62559,1.00151,1.11224,1.56935,0.0092674,0.0092674,0.0092674
76,1303.5,0.70752,1.12064,1.31658,0.70185,0.72648,0.79314,0.676,0.63585,0.97841,1.05512,1.56808,0.0092575,0.0092575,0.0092575
77,1320.31,0.69797,1.13171,1.31581,0.82096,0.72789,0.81828,0.70799,0.65633,0.93229,1.0312,1.54245,0.0092476,0.0092476,0.0092476
78,1337.42,0.70447,1.10853,1.31601,0.69779,0.72261,0.79132,0.69807,0.63977,0.93994,1.19241,1.5398,0.0092377,0.0092377,0.0092377
79,1354.73,0.69652,1.09909,1.31218,0.75075,0.6836,0.71141,0.60877,0.56232,0.9624,1.3024,1.50278,0.0092278,0.0092278,0.0092278
80,1372.31,0.69443,1.10435,1.29933,0.76091,0.74443,0.80579,0.68901,0.63977,0.97628,1.1147,1.51256,0.0092179,0.0092179,0.0092179
81,1389.56,0.69411,1.1012,1.3038,0.6703,0.78611,0.81164,0.71052,0.65344,0.93926,1.1445,1.55301,0.009208,0.009208,0.009208
82,1406.52,0.72179,1.09983,1.32284,0.77193,0.79765,0.83026,0.69788,0.65726,0.97744,0.99396,1.58491,0.0091981,0.0091981,0.0091981
83,1423.69,0.6892,1.07013,1.30599,0.70857,0.72979,0.76091,0.64219,0.61494,0.92494,1.24141,1.50119,0.0091882,0.0091882,0.0091882
84,1440.56,0.67673,1.08005,1.29013,0.72502,0.82124,0.84148,0.74198,0.68783,0.88016,0.96692,1.4219,0.0091783,0.0091783,0.0091783
85,1457.62,0.64971,1.06639,1.27057,0.76698,0.76449,0.82256,0.68945,0.66208,0.92032,1.04039,1.48789,0.0091684,0.0091684,0.0091684
86,1474.55,0.66158,1.06502,1.27794,0.75569,0.73877,0.78246,0.64521,0.61581,0.99456,1.05828,1.57852,0.0091585,0.0091585,0.0091585
87,1491.4,0.67542,1.06165,1.29146,0.70901,0.73691,0.79359,0.69092,0.63996,0.88818,1.03068,1.46886,0.0091486,0.0091486,0.0091486
88,1508.38,0.66854,1.06525,1.28142,0.83228,0.71892,0.83832,0.74329,0.69066,0.86414,1.03283,1.4389,0.0091387,0.0091387,0.0091387
89,1525.24,0.65653,1.03686,1.27688,0.81025,0.71029,0.83645,0.72203,0.67588,0.9194,1.03389,1.47655,0.0091288,0.0091288,0.0091288
90,1542.2,0.68509,1.06259,1.2888,0.67178,0.78809,0.77475,0.68052,0.63069,0.89436,1.09963,1.46663,0.0091189,0.0091189,0.0091189
91,1559.29,0.65615,1.04178,1.2856,0.72459,0.77862,0.79563,0.67552,0.64217,0.90684,0.96804,1.47431,0.009109,0.009109,0.009109
92,1575.94,0.66274,1.07959,1.27622,0.80625,0.74073,0.81581,0.69407,0.64937,0.91461,1.11293,1.49661,0.0090991,0.0090991,0.0090991
93,1592.61,0.64549,1.0683,1.2699,0.75184,0.77418,0.82339,0.71294,0.67335,0.89608,1.06834,1.45898,0.0090892,0.0090892,0.0090892
94,1609.25,0.6726,1.0111,1.2925,0.79904,0.80644,0.86461,0.76652,0.71083,0.8602,0.93272,1.44293,0.0090793,0.0090793,0.0090793
95,1625.84,0.6482,1.04354,1.25594,0.70631,0.78554,0.80373,0.69534,0.63522,0.93235,1.11381,1.51758,0.0090694,0.0090694,0.0090694
96,1642.83,0.64241,1.05428,1.25649,0.73628,0.74633,0.79259,0.66651,0.63132,0.9221,1.12496,1.50417,0.0090595,0.0090595,0.0090595
97,1659.61,0.66583,1.02886,1.26696,0.69749,0.78817,0.85162,0.71389,0.67111,0.97982,1.2346,1.55763,0.0090496,0.0090496,0.0090496
98,1676.76,0.63572,1.05032,1.25355,0.76357,0.80975,0.84183,0.70453,0.67059,0.91181,0.99431,1.47964,0.0090397,0.0090397,0.0090397
99,1693.7,0.64585,1.01228,1.25789,0.76995,0.83553,0.84741,0.74338,0.6876,0.8821,0.94813,1.41136,0.0090298,0.0090298,0.0090298
100,1710.8,0.65508,0.9821,1.26472,0.74425,0.84515,0.84275,0.74995,0.69025,0.8534,0.91417,1.41927,0.0090199,0.0090199,0.0090199
101,1727.82,0.64168,1.0094,1.24527,0.78658,0.76105,0.84119,0.74796,0.68962,0.89057,0.96546,1.44184,0.00901,0.00901,0.00901
102,1744.6,0.62344,0.99763,1.24312,0.74952,0.74296,0.8276,0.71129,0.67291,0.87017,1.03602,1.41999,0.0090001,0.0090001,0.0090001
103,1761.62,0.64566,1.03173,1.26269,0.68215,0.75551,0.77022,0.67025,0.62491,0.86264,1.01851,1.41676,0.0089902,0.0089902,0.0089902
104,1778.33,0.645,1.01696,1.25408,0.75915,0.7952,0.82216,0.71647,0.64981,0.90888,0.97343,1.48269,0.0089803,0.0089803,0.0089803
105,1795.19,0.63586,0.99412,1.25871,0.79487,0.76044,0.86092,0.76051,0.70708,0.88547,0.99564,1.4509,0.0089704,0.0089704,0.0089704
106,1812.1,0.63809,1.01152,1.26033,0.66111,0.80182,0.78744,0.66968,0.62692,0.92749,1.1185,1.50327,0.0089605,0.0089605,0.0089605
107,1828.87,0.61221,0.97482,1.23414,0.75327,0.73524,0.81544,0.73431,0.66735,0.85479,1.01693,1.43258,0.0089506,0.0089506,0.0089506
108,1845.75,0.62677,0.98101,1.24103,0.76449,0.77554,0.83355,0.7291,0.68781,0.9071,1.05459,1.49941,0.0089407,0.0089407,0.0089407
109,1862.59,0.63183,0.97865,1.24093,0.67869,0.772,0.80617,0.68764,0.64706,0.90702,1.13992,1.47972,0.0089308,0.0089308,0.0089308
110,1879.41,0.65038,1.01459,1.26568,0.8225,0.77422,0.87419,0.78621,0.73677,0.80061,0.89591,1.34056,0.0089209,0.0089209,0.0089209
111,1896.31,0.61049,0.9692,1.23976,0.82374,0.79454,0.86099,0.76292,0.70431,0.85281,0.89343,1.40522,0.008911,0.008911,0.008911
112,1913.18,0.6406,0.98605,1.26789,0.86891,0.69537,0.8094,0.70703,0.65899,0.87445,0.99187,1.45832,0.0089011,0.0089011,0.0089011
113,1929.95,0.61953,0.93415,1.22826,0.78978,0.78616,0.82084,0.69548,0.66321,0.90658,0.92618,1.47191,0.0088912,0.0088912,0.0088912
114,1947.03,0.63211,0.94573,1.24959,0.79998,0.82058,0.87823,0.7635,0.71376,0.8708,0.88595,1.41436,0.0088813,0.0088813,0.0088813
115,1963.87,0.6227,0.96825,1.24076,0.81703,0.78153,0.84589,0.72613,0.68607,0.85482,0.91606,1.41505,0.0088714,0.0088714,0.0088714
116,1980.59,0.61088,0.96265,1.22744,0.78439,0.78749,0.85179,0.74928,0.7017,0.82023,0.93315,1.37701,0.0088615,0.0088615,0.0088615
117,1997.41,0.60469,0.90529,1.22514,0.77633,0.79805,0.87467,0.7701,0.71075,0.89301,0.97654,1.45153,0.0088516,0.0088516,0.0088516
118,2014.17,0.61483,0.94403,1.23966,0.81615,0.79104,0.83802,0.7102,0.67563,0.91245,1.03151,1.48031,0.0088417,0.0088417,0.0088417
119,2031.38,0.61514,0.94029,1.23826,0.68643,0.78627,0.79361,0.68224,0.64713,0.91157,1.13616,1.48446,0.0088318,0.0088318,0.0088318
120,2048.13,0.60279,0.91385,1.2196,0.80789,0.7754,0.84033,0.73286,0.69278,0.86261,0.97931,1.40396,0.0088219,0.0088219,0.0088219
121,2065.36,0.62259,0.97084,1.24464,0.77395,0.76676,0.84297,0.73284,0.69061,0.89877,1.00262,1.46306,0.008812,0.008812,0.008812
122,2082.02,0.61819,0.93841,1.2337,0.77269,0.72712,0.80754,0.6923,0.65742,0.88558,1.04989,1.4391,0.0088021,0.0088021,0.0088021
123,2098.75,0.61642,0.94454,1.24515,0.77423,0.81499,0.82688,0.72396,0.66477,0.88911,0.87607,1.43647,0.0087922,0.0087922,0.0087922
124,2115.73,0.59972,0.9202,1.21521,0.75697,0.71727,0.78661,0.66614,0.63485,0.89694,1.1193,1.44775,0.0087823,0.0087823,0.0087823
125,2132.64,0.60956,0.93034,1.21928,0.80876,0.76285,0.8332,0.72458,0.68697,0.84519,0.98556,1.41855,0.0087724,0.0087724,0.0087724
126,2149.54,0.61959,0.87625,1.23002,0.77484,0.78943,0.80837,0.70257,0.6613,0.8629,1.03499,1.44572,0.0087625,0.0087625,0.0087625
127,2166.51,0.61488,0.91071,1.22988,0.72989,0.8343,0.84314,0.72601,0.68084,0.87008,0.92446,1.439,0.0087526,0.0087526,0.0087526
128,2183.26,0.60934,0.90295,1.22824,0.7644,0.77636,0.8316,0.71995,0.68848,0.82881,1.04083,1.35383,0.0087427,0.0087427,0.0087427
129,2200.17,0.60699,0.92191,1.22263,0.79961,0.7534,0.82285,0.69845,0.6641,0.92857,0.98513,1.4648,0.0087328,0.0087328,0.0087328
130,2217.02,0.62397,0.95194,1.24073,0.70189,0.79792,0.80989,0.72114,0.67097,0.85805,1.15022,1.40954,0.0087229,0.0087229,0.0087229
131,2233.98,0.59532,0.88934,1.22068,0.78757,0.77444,0.81466,0.7089,0.66563,0.88119,1.06795,1.446,0.008713,0.008713,0.008713
132,2251.01,0.59713,0.90793,1.21861,0.83743,0.80062,0.8724,0.76891,0.71247,0.85646,0.84942,1.39469,0.0087031,0.0087031,0.0087031
133,2267.97,0.59735,0.92332,1.21136,0.82193,0.82943,0.89609,0.78064,0.74113,0.88043,0.81596,1.41937,0.0086932,0.0086932,0.0086932
134,2284.9,0.60095,0.91873,1.228,0.7641,0.79899,0.85038,0.75742,0.70383,0.83757,0.96418,1.37702,0.0086833,0.0086833,0.0086833
135,2301.9,0.62095,0.89572,1.23923,0.87678,0.71271,0.84607,0.74694,0.7067,0.82881,0.84507,1.37335,0.0086734,0.0086734,0.0086734
136,2318.69,0.56852,0.88271,1.19507,0.77375,0.77493,0.83345,0.71935,0.6874,0.83057,0.93331,1.39026,0.0086635,0.0086635,0.0086635
137,2335.57,0.57808,0.89992,1.20283,0.78341,0.81078,0.8416,0.73305,0.69342,0.85278,0.85637,1.39876,0.0086536,0.0086536,0.0086536
138,2352.25,0.59314,0.90789,1.21413,0.8055,0.79911,0.8743,0.7813,0.73582,0.77932,0.8354,1.31579,0.0086437,0.0086437,0.0086437
139,2369.06,0.58675,0.89996,1.19977,0.74563,0.82881,0.84701,0.73747,0.68374,0.84897,0.88982,1.37921,0.0086338,0.0086338,0.0086338
140,2385.98,0.59901,0.91671,1.21693,0.8314,0.81211,0.87395,0.7782,0.73071,0.80177,0.86046,1.34856,0.0086239,0.0086239,0.0086239
141,2403.05,0.58309,0.86786,1.21746,0.78847,0.74977,0.85231,0.75495,0.71613,0.82404,0.98168,1.35114,0.008614,0.008614,0.008614
142,2419.78,0.60037,0.87704,1.2125,0.71936,0.78788,0.79227,0.69934,0.65343,0.83441,1.03361,1.38101,0.0086041,0.0086041,0.0086041
143,2436.64,0.58897,0.88724,1.21744,0.82494,0.78214,0.85326,0.7531,0.70708,0.85014,0.85533,1.40117,0.0085942,0.0085942,0.0085942
144,2453.8,0.57648,0.87813,1.20633,0.65616,0.842,0.8089,0.71658,0.67367,0.82771,0.98094,1.36531,0.0085843,0.0085843,0.0085843
145,2470.84,0.57938,0.87763,1.21405,0.79664,0.78596,0.83378,0.7535,0.69336,0.82761,0.8757,1.35986,0.0085744,0.0085744,0.0085744
146,2487.65,0.58184,0.87796,1.21318,0.83197,0.7445,0.82195,0.71689,0.67574,0.82956,0.85359,1.38025,0.0085645,0.0085645,0.0085645
147,2504.53,0.56391,0.83052,1.18176,0.81684,0.71989,0.84543,0.75542,0.70283,0.83831,0.91152,1.40459,0.0085546,0.0085546,0.0085546
148,2521.57,0.5634,0.8385,1.19221,0.81172,0.74366,0.81397,0.72691,0.6783,0.81145,0.96385,1.35616,0.0085447,0.0085447,0.0085447
149,2538.5,0.58792,0.87779,1.20934,0.80643,0.77936,0.8627,0.77403,0.72873,0.79954,0.8818,1.33326,0.0085348,0.0085348,0.0085348
150,2555.72,0.56148,0.84459,1.19465,0.84344,0.79036,0.84936,0.74744,0.70628,0.81749,0.87886,1.37079,0.0085249,0.0085249,0.0085249
151,2573.15,0.5736,0.84053,1.20257,0.74728,0.81664,0.82294,0.74248,0.68388,0.81697,0.9032,1.36148,0.008515,0.008515,0.008515
152,2590.37,0.57399,0.85126,1.20484,0.76831,0.78115,0.82047,0.73699,0.68673,0.81591,0.84647,1.36998,0.0085051,0.0085051,0.0085051
153,2607.58,0.58311,0.8346,1.20548,0.75919,0.80672,0.84369,0.7368,0.69838,0.8072,0.8366,1.33296,0.0084952,0.0084952,0.0084952
154,2625.25,0.57412,0.84018,1.19532,0.80674,0.7942,0.82809,0.71634,0.67116,0.88231,0.8752,1.43378,0.0084853,0.0084853,0.0084853
155,2642.27,0.58396,0.87298,1.19789,0.82097,0.80216,0.83297,0.75009,0.69715,0.80054,0.89613,1.33489,0.0084754,0.0084754,0.0084754
156,2659.31,0.56473,0.81733,1.19569,0.85228,0.79391,0.87561,0.79722,0.74642,0.77376,0.79352,1.30814,0.0084655,0.0084655,0.0084655
157,2676.03,0.55572,0.83072,1.17983,0.77537,0.80793,0.79864,0.68934,0.65271,0.83642,0.89735,1.41137,0.0084556,0.0084556,0.0084556
158,2693.3,0.56958,0.8152,1.19217,0.81491,0.76955,0.87525,0.78842,0.73986,0.78289,0.8277,1.3291,0.0084457,0.0084457,0.0084457
159,2710.15,0.5755,0.85293,1.18983,0.81533,0.83369,0.8593,0.71472,0.69149,0.88149,0.91003,1.41916,0.0084358,0.0084358,0.0084358
160,2727.27,0.57356,0.8621,1.19914,0.7797,0.79275,0.83339,0.74218,0.69362,0.8014,0.81739,1.3525,0.0084259,0.0084259,0.0084259
161,2744.33,0.58106,0.82704,1.19097,0.80547,0.75078,0.8179,0.7404,0.69549,0.77636,0.82087,1.31116,0.008416,0.008416,0.008416
162,2761.69,0.5637,0.80847,1.18133,0.77898,0.79043,0.86721,0.78893,0.73241,0.79245,0.92621,1.33116,0.0084061,0.0084061,0.0084061
163,2778.84,0.56004,0.82753,1.18754,0.76905,0.81715,0.84824,0.76458,0.71279,0.83017,0.81371,1.35073,0.0083962,0.0083962,0.0083962
164,2795.95,0.56417,0.85323,1.18378,0.91082,0.75835,0.8785,0.79065,0.74152,0.78853,0.81432,1.30844,0.0083863,0.0083863,0.0083863
165,2813.13,0.56062,0.79324,1.17906,0.82043,0.80229,0.80772,0.72039,0.67137,0.81993,0.84556,1.35689,0.0083764,0.0083764,0.0083764
166,2829.94,0.56895,0.8233,1.19959,0.78706,0.79663,0.83011,0.73686,0.69226,0.82361,0.87646,1.36738,0.0083665,0.0083665,0.0083665
167,2847.2,0.5661,0.85015,1.1884,0.74481,0.74455,0.80803,0.73459,0.68338,0.80193,0.92526,1.32685,0.0083566,0.0083566,0.0083566
168,2864.03,0.56696,0.84496,1.19387,0.80195,0.79726,0.84427,0.77505,0.70942,0.78544,0.84005,1.30664,0.0083467,0.0083467,0.0083467
169,2880.84,0.55866,0.82185,1.19779,0.83577,0.80691,0.86507,0.77123,0.7144,0.82665,0.8268,1.34788,0.0083368,0.0083368,0.0083368
170,2897.82,0.57161,0.80455,1.19241,0.79287,0.7585,0.84451,0.74834,0.70732,0.85431,0.95571,1.40469,0.0083269,0.0083269,0.0083269
171,2914.82,0.56686,0.81189,1.17497,0.86296,0.76837,0.88065,0.78423,0.73653,0.84029,0.84962,1.3673,0.008317,0.008317,0.008317
172,2931.57,0.57236,0.82664,1.19014,0.76379,0.85057,0.83658,0.7553,0.6971,0.81714,0.84393,1.35369,0.0083071,0.0083071,0.0083071
173,2948.18,0.55208,0.84001,1.18684,0.7952,0.79583,0.87099,0.78298,0.73477,0.82867,0.84719,1.35385,0.0082972,0.0082972,0.0082972
174,2964.89,0.52542,0.79551,1.15502,0.83628,0.82498,0.85401,0.75691,0.71805,0.81197,0.78096,1.36038,0.0082873,0.0082873,0.0082873
175,2981.87,0.53874,0.79167,1.17764,0.83725,0.80018,0.87472,0.78772,0.74911,0.79578,0.80951,1.33241,0.0082774,0.0082774,0.0082774
176,2999.04,0.54676,0.78832,1.18483,0.81977,0.77661,0.84797,0.7562,0.71364,0.79361,0.88427,1.32917,0.0082675,0.0082675,0.0082675
177,3015.95,0.54884,0.79133,1.1697,0.82192,0.86138,0.88092,0.7704,0.72554,0.81063,0.73998,1.33426,0.0082576,0.0082576,0.0082576
178,3032.81,0.55848,0.82477,1.17776,0.79573,0.80024,0.86052,0.7716,0.71499,0.83431,0.88582,1.37174,0.0082477,0.0082477,0.0082477
179,3049.81,0.55227,0.80753,1.17942,0.82703,0.76779,0.87066,0.77248,0.72874,0.81378,0.77914,1.33908,0.0082378,0.0082378,0.0082378
180,3066.92,0.55648,0.81311,1.1982,0.82195,0.83542,0.86778,0.77411,0.723,0.81117,0.79077,1.33237,0.0082279,0.0082279,0.0082279
181,3083.89,0.55062,0.82779,1.17239,0.79906,0.84649,0.88067,0.80581,0.73715,0.83178,0.7869,1.36434,0.008218,0.008218,0.008218
182,3100.97,0.54187,0.78274,1.15831,0.79145,0.83288,0.85219,0.77593,0.71674,0.78481,0.79236,1.32137,0.0082081,0.0082081,0.0082081
183,3117.49,0.54397,0.77652,1.17945,0.79174,0.82468,0.85147,0.7814,0.71368,0.77966,0.80891,1.3082,0.0081982,0.0081982,0.0081982
184,3133.97,0.54661,0.78192,1.17353,0.7803,0.77703,0.84915,0.76297,0.70352,0.82412,0.90885,1.33686,0.0081883,0.0081883,0.0081883
185,3150.67,0.53671,0.7426,1.1721,0.801,0.78784,0.86362,0.76768,0.71476,0.78689,0.86485,1.30488,0.0081784,0.0081784,0.0081784
186,3167.48,0.55547,0.78657,1.18244,0.77851,0.80429,0.84796,0.76955,0.72401,0.76133,0.89385,1.27387,0.0081685,0.0081685,0.0081685
187,3184.09,0.53573,0.74663,1.16153,0.85472,0.78259,0.87137,0.77751,0.73895,0.78408,0.82754,1.31525,0.0081586,0.0081586,0.0081586
188,3200.56,0.5368,0.76179,1.16774,0.88944,0.76857,0.91073,0.8269,0.76443,0.78432,0.74448,1.30488,0.0081487,0.0081487,0.0081487
189,3217.54,0.54601,0.74898,1.17276,0.76045,0.81196,0.83662,0.74749,0.69992,0.8075,0.84855,1.3529,0.0081388,0.0081388,0.0081388
190,3234.6,0.54417,0.75061,1.17491,0.83661,0.76919,0.86582,0.78198,0.72507,0.81296,0.85444,1.3519,0.0081289,0.0081289,0.0081289
191,3251.78,0.54102,0.7537,1.17548,0.7941,0.8073,0.84871,0.75033,0.70578,0.79882,0.94864,1.32084,0.008119,0.008119,0.008119
192,3268.78,0.51235,0.73122,1.15462,0.83288,0.79414,0.85322,0.762,0.71347,0.79312,0.86648,1.31498,0.0081091,0.0081091,0.0081091
193,3285.85,0.549,0.77225,1.16725,0.8054,0.80689,0.87791,0.78714,0.74126,0.80828,0.83223,1.35389,0.0080992,0.0080992,0.0080992
194,3302.83,0.53208,0.74961,1.1615,0.8219,0.82552,0.88429,0.794,0.74783,0.81706,0.76669,1.35777,0.0080893,0.0080893,0.0080893
195,3319.99,0.5319,0.74142,1.16661,0.83315,0.77171,0.86141,0.77425,0.73385,0.77032,0.76413,1.296,0.0080794,0.0080794,0.0080794
196,3337.02,0.52186,0.72989,1.15706,0.81316,0.78904,0.8625,0.77803,0.72544,0.76848,0.73087,1.27689,0.0080695,0.0080695,0.0080695
197,3354.06,0.52767,0.73874,1.1682,0.7907,0.81952,0.87166,0.7724,0.7336,0.75322,0.78962,1.27225,0.0080596,0.0080596,0.0080596
198,3370.92,0.54459,0.77543,1.17847,0.85463,0.78846,0.85986,0.77902,0.72468,0.78683,0.73326,1.31069,0.0080497,0.0080497,0.0080497
199,3387.98,0.52238,0.74664,1.15291,0.84677,0.82047,0.89553,0.82645,0.76799,0.75675,0.74187,1.26889,0.0080398,0.0080398,0.0080398
200,3405.17,0.53216,0.78294,1.15912,0.83448,0.80601,0.86465,0.76578,0.72802,0.80459,0.81771,1.33099,0.0080299,0.0080299,0.0080299
201,3422.25,0.54356,0.75804,1.17748,0.80207,0.78065,0.84957,0.75954,0.71729,0.75635,0.88443,1.25995,0.00802,0.00802,0.00802
202,3439.14,0.52815,0.7272,1.16092,0.81402,0.81191,0.85588,0.76391,0.72367,0.79461,0.78829,1.31223,0.0080101,0.0080101,0.0080101
203,3455.79,0.52521,0.72544,1.16502,0.72525,0.84132,0.84251,0.75584,0.70585,0.79657,0.84825,1.33044,0.0080002,0.0080002,0.0080002
204,3472.78,0.52569,0.73225,1.15563,0.81515,0.86774,0.87214,0.76599,0.72442,0.83652,0.75251,1.36882,0.0079903,0.0079903,0.0079903
205,3489.71,0.52691,0.76842,1.16014,0.8263,0.82529,0.86353,0.76973,0.72861,0.79169,0.74529,1.31751,0.0079804,0.0079804,0.0079804
206,3506.34,0.52512,0.73373,1.16188,0.81289,0.77864,0.83396,0.72884,0.68886,0.80694,0.85078,1.3294,0.0079705,0.0079705,0.0079705
207,3523.32,0.53937,0.73758,1.1636,0.80956,0.81862,0.86819,0.75877,0.72356,0.80923,0.83424,1.35163,0.0079606,0.0079606,0.0079606
208,3540.26,0.53281,0.73446,1.15652,0.86665,0.79907,0.8736,0.7875,0.73811,0.75528,0.80482,1.27586,0.0079507,0.0079507,0.0079507
209,3557.14,0.53053,0.72975,1.15718,0.76793,0.78567,0.8423,0.77548,0.71852,0.75394,0.92449,1.28944,0.0079408,0.0079408,0.0079408
210,3574.28,0.51708,0.7124,1.15269,0.77015,0.82469,0.82408,0.75069,0.69209,0.81242,0.85962,1.34308,0.0079309,0.0079309,0.0079309
211,3591.32,0.5199,0.71553,1.15211,0.85145,0.80921,0.87695,0.80137,0.74663,0.79651,0.77395,1.33283,0.007921,0.007921,0.007921
212,3608.16,0.52919,0.72119,1.1651,0.81665,0.82586,0.86396,0.78891,0.73121,0.81051,0.83646,1.32878,0.0079111,0.0079111,0.0079111
213,3625.04,0.54051,0.7107,1.15933,0.75784,0.82981,0.8535,0.78381,0.72843,0.76708,0.82784,1.282,0.0079012,0.0079012,0.0079012
214,3641.81,0.53262,0.73286,1.15617,0.79053,0.75453,0.84549,0.75818,0.7154,0.78253,0.91786,1.30247,0.0078913,0.0078913,0.0078913
215,3658.77,0.55109,0.73462,1.17972,0.89297,0.78974,0.90755,0.82124,0.76982,0.79768,0.73728,1.33239,0.0078814,0.0078814,0.0078814
216,3675.6,0.51432,0.71692,1.14121,0.89212,0.82492,0.89554,0.79292,0.75851,0.78591,0.75333,1.31655,0.0078715,0.0078715,0.0078715
217,3692.19,0.5384,0.71928,1.16334,0.8435,0.80423,0.87702,0.77728,0.73882,0.77033,0.74888,1.29675,0.0078616,0.0078616,0.0078616
218,3709,0.53336,0.73019,1.16497,0.81129,0.81273,0.85741,0.77497,0.72768,0.7828,0.81392,1.3075,0.0078517,0.0078517,0.0078517
219,3725.79,0.51654,0.70736,1.15353,0.80096,0.85738,0.87246,0.77985,0.73631,0.80163,0.76163,1.33859,0.0078418,0.0078418,0.0078418
220,3742.49,0.54255,0.72771,1.16991,0.81364,0.82879,0.87521,0.78602,0.73923,0.76238,0.78119,1.28834,0.0078319,0.0078319,0.0078319
221,3759.32,0.52512,0.70187,1.15383,0.8017,0.80231,0.86954,0.79184,0.7408,0.76837,0.79735,1.2909,0.007822,0.007822,0.007822
222,3776,0.51659,0.71022,1.15825,0.78301,0.81269,0.8481,0.77538,0.72138,0.76985,0.67334,1.29124,0.0078121,0.0078121,0.0078121
223,3793.02,0.53216,0.73831,1.15928,0.75452,0.82034,0.83548,0.75991,0.70674,0.76818,0.77012,1.29134,0.0078022,0.0078022,0.0078022
224,3810.26,0.51199,0.68636,1.13977,0.78468,0.8072,0.83291,0.75793,0.71093,0.73697,0.80422,1.25649,0.0077923,0.0077923,0.0077923
225,3827.17,0.53317,0.72091,1.15617,0.79057,0.80841,0.83253,0.74656,0.69736,0.81466,0.83619,1.34266,0.0077824,0.0077824,0.0077824
226,3844.3,0.52655,0.7146,1.1585,0.80598,0.82378,0.87929,0.8005,0.75555,0.75459,0.77904,1.26664,0.0077725,0.0077725,0.0077725
227,3861.12,0.52049,0.70508,1.14505,0.71838,0.82643,0.82188,0.7569,0.71047,0.71703,1.04422,1.22739,0.0077626,0.0077626,0.0077626
228,3878.26,0.52246,0.73353,1.14493,0.80872,0.78252,0.86035,0.78454,0.73701,0.77999,0.81015,1.29604,0.0077527,0.0077527,0.0077527
229,3895.15,0.50501,0.69701,1.14094,0.81368,0.82612,0.85824,0.76737,0.72692,0.76699,0.77461,1.29347,0.0077428,0.0077428,0.0077428
230,3912.35,0.51816,0.70619,1.14356,0.80206,0.77289,0.83162,0.75899,0.70552,0.78479,0.89514,1.31602,0.0077329,0.0077329,0.0077329
231,3929.36,0.51343,0.69486,1.13479,0.81623,0.82483,0.85186,0.76622,0.71014,0.79368,0.80737,1.33773,0.007723,0.007723,0.007723
232,3946.11,0.52799,0.68562,1.15206,0.80348,0.78888,0.81802,0.74604,0.69684,0.75863,0.79842,1.28821,0.0077131,0.0077131,0.0077131
233,3962.92,0.50027,0.70438,1.13311,0.80912,0.86775,0.86682,0.78777,0.74252,0.74815,0.69711,1.28771,0.0077032,0.0077032,0.0077032
234,3979.57,0.50784,0.7082,1.15259,0.85269,0.78868,0.85396,0.78388,0.72441,0.76617,0.76154,1.26921,0.0076933,0.0076933,0.0076933
235,3996.25,0.50921,0.71209,1.14921,0.7534,0.84331,0.8211,0.74975,0.69934,0.76334,0.83022,1.27929,0.0076834,0.0076834,0.0076834
236,4012.68,0.52136,0.70403,1.15666,0.82019,0.78309,0.8495,0.77734,0.72202,0.79995,0.78453,1.34258,0.0076735,0.0076735,0.0076735
237,4029.51,0.50067,0.66341,1.13914,0.76155,0.83454,0.84384,0.76208,0.71632,0.77192,0.77417,1.30002,0.0076636,0.0076636,0.0076636
238,4046.48,0.51439,0.6917,1.14496,0.88007,0.78239,0.88725,0.80316,0.74869,0.7736,0.73656,1.29011,0.0076537,0.0076537,0.0076537
239,4063.42,0.49951,0.68643,1.14079,0.88298,0.76094,0.88202,0.80878,0.76272,0.77523,0.80602,1.31614,0.0076438,0.0076438,0.0076438
240,4080.5,0.5019,0.69522,1.14605,0.85902,0.84629,0.87354,0.78745,0.73966,0.78491,0.77827,1.32316,0.0076339,0.0076339,0.0076339
241,4097.37,0.4987,0.66783,1.13864,0.8342,0.80974,0.88922,0.80617,0.76228,0.76862,0.77388,1.30227,0.007624,0.007624,0.007624
242,4114.35,0.50535,0.69036,1.1374,0.8157,0.76507,0.85924,0.7807,0.73848,0.74392,0.88454,1.25286,0.0076141,0.0076141,0.0076141
243,4131.32,0.50968,0.69853,1.14212,0.89297,0.76852,0.86717,0.78429,0.7272,0.79084,0.73817,1.32121,0.0076042,0.0076042,0.0076042
244,4148.5,0.52366,0.71274,1.14272,0.80093,0.84038,0.88171,0.77895,0.73485,0.79839,0.80142,1.31574,0.0075943,0.0075943,0.0075943
245,4165.82,0.5055,0.65772,1.13965,0.83677,0.81488,0.85641,0.76862,0.72278,0.77501,0.74197,1.31812,0.0075844,0.0075844,0.0075844
246,4182.87,0.49322,0.706,1.13004,0.81779,0.75196,0.85311,0.77936,0.72269,0.78871,0.83316,1.32207,0.0075745,0.0075745,0.0075745
247,4200.03,0.51054,0.68261,1.14688,0.76558,0.79145,0.85545,0.77492,0.72746,0.77859,0.82049,1.32521,0.0075646,0.0075646,0.0075646
248,4216.89,0.49405,0.66731,1.1235,0.82942,0.71593,0.8437,0.75578,0.70991,0.80552,0.85534,1.33919,0.0075547,0.0075547,0.0075547
249,4233.91,0.49707,0.66451,1.13159,0.77839,0.85222,0.86225,0.75848,0.70859,0.82998,0.76785,1.36596,0.0075448,0.0075448,0.0075448
250,4251.16,0.50644,0.66223,1.14373,0.81017,0.7459,0.81088,0.73404,0.68361,0.78295,0.86923,1.31318,0.0075349,0.0075349,0.0075349
251,4268.08,0.5045,0.67874,1.14505,0.76837,0.82952,0.83357,0.7582,0.70522,0.79175,0.82792,1.31602,0.007525,0.007525,0.007525
252,4285.19,0.47478,0.6545,1.12039,0.82457,0.79803,0.85009,0.76766,0.72211,0.75386,0.78865,1.28093,0.0075151,0.0075151,0.0075151
253,4302.17,0.4993,0.65292,1.1293,0.76877,0.80833,0.82408,0.74733,0.6954,0.74959,0.8153,1.29205,0.0075052,0.0075052,0.0075052
254,4319.12,0.50566,0.6521,1.14088,0.70492,0.83649,0.82064,0.74049,0.69492,0.76375,0.89997,1.3004,0.0074953,0.0074953,0.0074953
255,4336.09,0.49777,0.65728,1.13168,0.72932,0.82692,0.83,0.75474,0.71084,0.75801,0.811,1.27085,0.0074854,0.0074854,0.0074854
256,4352.87,0.48882,0.67658,1.12567,0.79452,0.82833,0.8526,0.78233,0.72839,0.74953,0.76195,1.27976,0.0074755,0.0074755,0.0074755
257,4369.65,0.48938,0.65821,1.13008,0.80738,0.7544,0.82578,0.74455,0.68912,0.78527,0.86277,1.32619,0.0074656,0.0074656,0.0074656
258,4386.51,0.4961,0.67564,1.13846,0.85239,0.71813,0.85884,0.78103,0.72729,0.74629,0.75062,1.28798,0.0074557,0.0074557,0.0074557
259,4403.23,0.49201,0.66325,1.13711,0.81674,0.82986,0.86653,0.79002,0.73454,0.73563,0.71632,1.27433,0.0074458,0.0074458,0.0074458
260,4420.03,0.48447,0.64929,1.12873,0.79863,0.84254,0.86434,0.79914,0.74307,0.75725,0.79093,1.28147,0.0074359,0.0074359,0.0074359
261,4436.65,0.49217,0.66844,1.12863,0.80572,0.84654,0.86674,0.79029,0.73653,0.79637,0.77893,1.35428,0.007426,0.007426,0.007426
262,4453.68,0.47977,0.64738,1.12154,0.79987,0.81101,0.84114,0.76555,0.72108,0.77593,0.78783,1.32564,0.0074161,0.0074161,0.0074161
263,4470.72,0.48521,0.66996,1.12927,0.82859,0.76746,0.86416,0.78602,0.74642,0.75856,0.80069,1.28547,0.0074062,0.0074062,0.0074062
264,4487.95,0.47627,0.63163,1.11187,0.82006,0.84474,0.87609,0.80836,0.7549,0.74496,0.71524,1.25959,0.0073963,0.0073963,0.0073963
265,4504.99,0.48369,0.64839,1.12829,0.78767,0.82017,0.82879,0.75289,0.71082,0.76809,0.81423,1.2906,0.0073864,0.0073864,0.0073864
266,4522.17,0.49653,0.66802,1.13568,0.76455,0.86676,0.87149,0.80529,0.75522,0.75864,0.75852,1.29955,0.0073765,0.0073765,0.0073765
267,4538.94,0.49641,0.64713,1.13232,0.80667,0.85709,0.86812,0.79505,0.74756,0.75269,0.73068,1.2993,0.0073666,0.0073666,0.0073666
268,4556.07,0.49573,0.64993,1.13108,0.78723,0.85118,0.86286,0.79485,0.73764,0.74694,0.80162,1.2724,0.0073567,0.0073567,0.0073567
269,4572.85,0.49402,0.66142,1.13361,0.77154,0.84365,0.86862,0.80146,0.74687,0.72368,0.74904,1.24082,0.0073468,0.0073468,0.0073468
270,4589.35,0.46867,0.61049,1.11815,0.78424,0.85448,0.86493,0.78874,0.7339,0.769,0.78593,1.31208,0.0073369,0.0073369,0.0073369
271,4606.27,0.49654,0.62455,1.13184,0.73618,0.87682,0.85479,0.77592,0.7302,0.77993,0.75272,1.32321,0.007327,0.007327,0.007327
272,4623.16,0.48042,0.65994,1.11974,0.76818,0.82092,0.86773,0.79506,0.74368,0.74788,0.76499,1.30513,0.0073171,0.0073171,0.0073171
273,4640.1,0.5133,0.64411,1.14102,0.74655,0.78596,0.8513,0.77786,0.74133,0.72447,0.81038,1.28307,0.0073072,0.0073072,0.0073072
274,4656.59,0.48186,0.63836,1.12122,0.83353,0.76928,0.86209,0.79775,0.74798,0.71688,0.72183,1.25753,0.0072973,0.0072973,0.0072973
275,4673.45,0.48647,0.65989,1.12626,0.81561,0.81647,0.87904,0.80601,0.75328,0.76097,0.77357,1.31337,0.0072874,0.0072874,0.0072874
276,4690.54,0.48196,0.6458,1.13293,0.7945,0.85138,0.86641,0.78377,0.74179,0.76113,0.75696,1.30101,0.0072775,0.0072775,0.0072775
277,4707.58,0.47138,0.62177,1.11461,0.78248,0.8077,0.83554,0.75475,0.71166,0.762,0.83551,1.27531,0.0072676,0.0072676,0.0072676
278,4724.47,0.48362,0.65277,1.12437,0.78255,0.83185,0.84516,0.7661,0.72378,0.76361,0.80256,1.29614,0.0072577,0.0072577,0.0072577
279,4741.8,0.47538,0.61231,1.11831,0.77875,0.85815,0.87196,0.80399,0.75233,0.73038,0.72321,1.27127,0.0072478,0.0072478,0.0072478
280,4758.33,0.46715,0.61581,1.11723,0.79478,0.83319,0.83718,0.76305,0.71368,0.77074,0.80931,1.31779,0.0072379,0.0072379,0.0072379
281,4775.18,0.49316,0.63219,1.12841,0.82357,0.79184,0.84938,0.78537,0.72874,0.75199,0.75664,1.28367,0.007228,0.007228,0.007228
282,4791.99,0.46681,0.61751,1.10953,0.86891,0.75988,0.84504,0.78271,0.73097,0.74934,0.78213,1.30234,0.0072181,0.0072181,0.0072181
283,4808.73,0.49235,0.63183,1.13051,0.82177,0.77586,0.84931,0.78608,0.72785,0.74671,0.79424,1.28983,0.0072082,0.0072082,0.0072082
284,4825.29,0.50702,0.64441,1.12609,0.76805,0.80672,0.84958,0.79034,0.73341,0.73381,0.81417,1.24689,0.0071983,0.0071983,0.0071983
285,4841.9,0.46441,0.61166,1.10399,0.75361,0.85259,0.86861,0.78893,0.74968,0.753,0.76108,1.26627,0.0071884,0.0071884,0.0071884
286,4858.64,0.48497,0.6094,1.1215,0.81139,0.82373,0.86428,0.79816,0.74205,0.72858,0.7181,1.24377,0.0071785,0.0071785,0.0071785
287,4875.46,0.47997,0.60933,1.12383,0.77572,0.84213,0.83781,0.7674,0.72273,0.74469,0.81924,1.30454,0.0071686,0.0071686,0.0071686
288,4892.24,0.48432,0.64127,1.11965,0.8205,0.78269,0.86004,0.77544,0.73131,0.7743,0.81189,1.32575,0.0071587,0.0071587,0.0071587
289,4909.06,0.49997,0.6449,1.13894,0.83286,0.81327,0.88232,0.79256,0.7482,0.77813,0.7083,1.31099,0.0071488,0.0071488,0.0071488
290,4926.08,0.48591,0.6351,1.12145,0.81524,0.84483,0.89452,0.83085,0.77297,0.73529,0.69952,1.25304,0.0071389,0.0071389,0.0071389
291,4942.89,0.47283,0.59764,1.11296,0.83483,0.83543,0.8945,0.82552,0.76536,0.74733,0.68137,1.26924,0.007129,0.007129,0.007129
292,4960.1,0.49478,0.62097,1.12069,0.76836,0.85639,0.84787,0.77561,0.72621,0.7576,0.71717,1.2872,0.0071191,0.0071191,0.0071191
293,4976.91,0.45652,0.60552,1.10589,0.79883,0.80286,0.86175,0.78156,0.73742,0.7405,0.77782,1.26851,0.0071092,0.0071092,0.0071092
294,4993.75,0.46371,0.59051,1.1101,0.83932,0.77961,0.867,0.79111,0.74078,0.73907,0.75707,1.2741,0.0070993,0.0070993,0.0070993
295,5010.56,0.47264,0.60391,1.11512,0.7957,0.84912,0.85519,0.77773,0.73049,0.74619,0.7686,1.29017,0.0070894,0.0070894,0.0070894
296,5027.43,0.48559,0.60472,1.11686,0.80707,0.79111,0.8656,0.77957,0.7355,0.74899,0.76975,1.28664,0.0070795,0.0070795,0.0070795
297,5044.57,0.46576,0.61186,1.1095,0.81029,0.83697,0.8607,0.77735,0.73093,0.76205,0.79075,1.3022,0.0070696,0.0070696,0.0070696
298,5061.74,0.4771,0.5961,1.11658,0.77213,0.84334,0.85121,0.77409,0.73174,0.75411,0.78978,1.28624,0.0070597,0.0070597,0.0070597
299,5078.96,0.4853,0.62791,1.12785,0.80109,0.84126,0.86622,0.78827,0.75317,0.71172,0.7445,1.23885,0.0070498,0.0070498,0.0070498
300,5095.79,0.46245,0.61212,1.11447,0.82645,0.84351,0.8635,0.79547,0.74679,0.72396,0.73124,1.23465,0.0070399,0.0070399,0.0070399
301,5112.82,0.46306,0.60256,1.10404,0.79733,0.85374,0.85792,0.78451,0.73983,0.74539,0.78237,1.252,0.00703,0.00703,0.00703
302,5129.47,0.47649,0.60479,1.1143,0.78386,0.80647,0.84585,0.77069,0.72755,0.74529,0.78482,1.28674,0.0070201,0.0070201,0.0070201
303,5146.47,0.47399,0.56751,1.10802,0.80228,0.79069,0.84754,0.76515,0.7257,0.76207,0.7664,1.29616,0.0070102,0.0070102,0.0070102
304,5163,0.4888,0.64062,1.12554,0.81504,0.77841,0.8593,0.78663,0.73021,0.75183,0.72216,1.27594,0.0070003,0.0070003,0.0070003
305,5179.7,0.46468,0.58873,1.10579,0.81791,0.83116,0.86556,0.80184,0.74896,0.73506,0.74615,1.27357,0.0069904,0.0069904,0.0069904
306,5196.42,0.49711,0.6236,1.13958,0.8466,0.79617,0.86916,0.79723,0.73854,0.75989,0.71695,1.28983,0.0069805,0.0069805,0.0069805
307,5213.35,0.479,0.62306,1.11813,0.79866,0.81256,0.85033,0.78418,0.72685,0.7328,0.74987,1.27614,0.0069706,0.0069706,0.0069706
308,5230.64,0.46839,0.58901,1.10673,0.81523,0.78135,0.86778,0.79053,0.73913,0.73634,0.73845,1.26404,0.0069607,0.0069607,0.0069607
309,5247.62,0.4582,0.59922,1.10132,0.84942,0.81567,0.8845,0.80734,0.76727,0.73089,0.69639,1.2726,0.0069508,0.0069508,0.0069508
310,5264.54,0.46871,0.61761,1.10785,0.83625,0.78609,0.85983,0.78953,0.74454,0.72698,0.7057,1.24954,0.0069409,0.0069409,0.0069409
311,5281.24,0.46395,0.59263,1.10675,0.8507,0.77604,0.8558,0.78816,0.74267,0.70522,0.71726,1.22916,0.006931,0.006931,0.006931
312,5297.95,0.47109,0.60749,1.12443,0.8425,0.84199,0.85631,0.78406,0.73666,0.73719,0.74185,1.26475,0.0069211,0.0069211,0.0069211
313,5314.79,0.47557,0.62097,1.12339,0.82142,0.83696,0.87969,0.79771,0.74826,0.75875,0.72796,1.29941,0.0069112,0.0069112,0.0069112
314,5331.77,0.47542,0.61389,1.11731,0.79406,0.83346,0.84461,0.77367,0.72429,0.72616,0.74029,1.2499,0.0069013,0.0069013,0.0069013
315,5348.78,0.46556,0.58796,1.10758,0.83068,0.80092,0.87501,0.80478,0.75964,0.72743,0.73637,1.23903,0.0068914,0.0068914,0.0068914
316,5365.7,0.4759,0.5682,1.09982,0.83758,0.78567,0.85177,0.77146,0.73792,0.74401,0.71266,1.26357,0.0068815,0.0068815,0.0068815
317,5382.49,0.47049,0.58822,1.11847,0.80113,0.82264,0.84287,0.77454,0.73312,0.71875,0.73459,1.21757,0.0068716,0.0068716,0.0068716
318,5399.56,0.45833,0.58406,1.10057,0.79309,0.80869,0.82396,0.75159,0.70899,0.75438,0.75149,1.26241,0.0068617,0.0068617,0.0068617
319,5416.16,0.4432,0.57834,1.09762,0.76843,0.83104,0.85703,0.79399,0.73953,0.73907,0.72664,1.26404,0.0068518,0.0068518,0.0068518
320,5432.89,0.46023,0.58894,1.10863,0.8022,0.81548,0.8581,0.79747,0.73997,0.7336,0.73782,1.24956,0.0068419,0.0068419,0.0068419
321,5449.74,0.44762,0.57096,1.10182,0.83065,0.77287,0.85849,0.7929,0.74296,0.74466,0.7596,1.2921,0.006832,0.006832,0.006832
322,5466.66,0.44299,0.55967,1.08993,0.80119,0.81923,0.84057,0.77217,0.72748,0.75605,0.73215,1.28276,0.0068221,0.0068221,0.0068221
323,5483.5,0.46448,0.59139,1.1009,0.78184,0.8156,0.83875,0.76873,0.72829,0.7406,0.72617,1.25359,0.0068122,0.0068122,0.0068122
324,5500.73,0.45887,0.56634,1.09434,0.8208,0.82327,0.86067,0.80191,0.74248,0.71775,0.73089,1.22416,0.0068023,0.0068023,0.0068023
325,5517.77,0.44531,0.57394,1.10117,0.81923,0.8105,0.85256,0.80078,0.73715,0.70202,0.79037,1.18937,0.0067924,0.0067924,0.0067924
326,5534.89,0.44642,0.56069,1.09535,0.7898,0.84263,0.8374,0.78709,0.7305,0.70505,0.76111,1.19025,0.0067825,0.0067825,0.0067825
327,5551.52,0.4581,0.57923,1.09178,0.83371,0.80871,0.85278,0.78318,0.73263,0.72209,0.76282,1.22345,0.0067726,0.0067726,0.0067726
328,5568.96,0.45328,0.5926,1.10044,0.82483,0.77264,0.85132,0.79229,0.73565,0.72591,0.74169,1.23358,0.0067627,0.0067627,0.0067627
329,5586.09,0.46064,0.59103,1.09738,0.80035,0.79313,0.87134,0.81504,0.76211,0.72605,0.73403,1.24003,0.0067528,0.0067528,0.0067528
330,5602.79,0.46834,0.60069,1.10871,0.8078,0.81952,0.87759,0.81055,0.76391,0.71934,0.70039,1.25027,0.0067429,0.0067429,0.0067429
331,5619.34,0.46349,0.57265,1.104,0.86756,0.8104,0.87369,0.81065,0.75567,0.72635,0.69937,1.24042,0.006733,0.006733,0.006733
332,5636.35,0.46495,0.57112,1.09716,0.83516,0.85157,0.85423,0.78823,0.73128,0.72704,0.6917,1.25825,0.0067231,0.0067231,0.0067231
333,5653.34,0.45915,0.59671,1.10689,0.84546,0.80892,0.832,0.77015,0.70718,0.74355,0.80288,1.27392,0.0067132,0.0067132,0.0067132
334,5670.2,0.45289,0.58587,1.104,0.85738,0.82966,0.83624,0.76322,0.71122,0.7365,0.73294,1.25189,0.0067033,0.0067033,0.0067033
335,5686.83,0.44413,0.57142,1.09188,0.8029,0.83645,0.84782,0.78157,0.72526,0.75195,0.72092,1.26428,0.0066934,0.0066934,0.0066934
336,5703.86,0.4588,0.55821,1.09136,0.8321,0.81017,0.88252,0.82158,0.76303,0.75579,0.71149,1.2804,0.0066835,0.0066835,0.0066835
337,5720.52,0.44915,0.54826,1.09567,0.87119,0.7791,0.88511,0.81486,0.76841,0.7606,0.70682,1.28188,0.0066736,0.0066736,0.0066736
338,5737.65,0.44323,0.57638,1.10146,0.83284,0.79464,0.87841,0.80818,0.76625,0.74871,0.6806,1.27706,0.0066637,0.0066637,0.0066637
339,5754.81,0.4491,0.56916,1.10037,0.72785,0.87276,0.85584,0.78051,0.74235,0.75429,0.73176,1.28265,0.0066538,0.0066538,0.0066538
340,5771.78,0.46337,0.57624,1.10474,0.78502,0.84032,0.86961,0.80308,0.7496,0.76031,0.69309,1.30845,0.0066439,0.0066439,0.0066439
341,5788.95,0.45202,0.55822,1.09753,0.829,0.7701,0.85211,0.79539,0.73475,0.74542,0.74351,1.27356,0.006634,0.006634,0.006634
342,5806.04,0.45099,0.57107,1.1005,0.84617,0.79129,0.86264,0.8078,0.7539,0.72256,0.69387,1.23106,0.0066241,0.0066241,0.0066241
343,5823.12,0.42974,0.5583,1.08601,0.80956,0.82526,0.84984,0.7897,0.73952,0.7377,0.67202,1.26874,0.0066142,0.0066142,0.0066142
344,5840.06,0.45201,0.55904,1.10024,0.85446,0.78399,0.86841,0.80544,0.76581,0.7059,0.69017,1.23737,0.0066043,0.0066043,0.0066043
345,5856.85,0.45849,0.56898,1.10358,0.80523,0.86735,0.8665,0.81256,0.75645,0.70484,0.67991,1.23864,0.0065944,0.0065944,0.0065944
346,5873.72,0.47167,0.55243,1.10789,0.78559,0.79217,0.80917,0.75743,0.70503,0.71589,0.83172,1.23884,0.0065845,0.0065845,0.0065845
347,5890.54,0.44719,0.562,1.09531,0.797,0.77388,0.82634,0.7726,0.71788,0.72322,0.77183,1.24598,0.0065746,0.0065746,0.0065746
348,5907.5,0.43964,0.56768,1.08776,0.80135,0.84301,0.82567,0.76529,0.71346,0.74463,0.72405,1.27563,0.0065647,0.0065647,0.0065647
349,5924.41,0.45091,0.58108,1.10624,0.82694,0.85572,0.8486,0.78443,0.7292,0.73104,0.69946,1.25191,0.0065548,0.0065548,0.0065548
350,5941.31,0.45915,0.59082,1.10336,0.75397,0.87409,0.83353,0.76861,0.71283,0.74033,0.6773,1.27027,0.0065449,0.0065449,0.0065449
351,5958.13,0.45759,0.56257,1.09141,0.81348,0.8435,0.85377,0.79277,0.73839,0.72434,0.75389,1.2349,0.006535,0.006535,0.006535
352,5974.85,0.43797,0.54809,1.08182,0.85376,0.80859,0.86234,0.80096,0.74219,0.74173,0.72724,1.27327,0.0065251,0.0065251,0.0065251
353,5991.86,0.43944,0.55076,1.0897,0.82795,0.81207,0.8784,0.8135,0.76047,0.73313,0.67476,1.2609,0.0065152,0.0065152,0.0065152
354,6008.78,0.44179,0.56074,1.10673,0.82226,0.8516,0.86755,0.79669,0.74956,0.73829,0.65529,1.26604,0.0065053,0.0065053,0.0065053
355,6025.84,0.44641,0.5514,1.08801,0.79365,0.82472,0.84395,0.78136,0.72051,0.74733,0.77183,1.2658,0.0064954,0.0064954,0.0064954
356,6042.72,0.44749,0.56505,1.08662,0.82999,0.8179,0.87506,0.81036,0.75726,0.74564,0.69728,1.28074,0.0064855,0.0064855,0.0064855
357,6059.66,0.4522,0.56468,1.08887,0.79389,0.85284,0.85355,0.78522,0.73069,0.73781,0.69563,1.27111,0.0064756,0.0064756,0.0064756
358,6076.44,0.44414,0.5592,1.09036,0.79975,0.80714,0.8701,0.79647,0.74357,0.75781,0.75069,1.28509,0.0064657,0.0064657,0.0064657
359,6093.1,0.444,0.55584,1.08734,0.77751,0.82172,0.86071,0.79673,0.74185,0.74669,0.7464,1.28387,0.0064558,0.0064558,0.0064558
360,6109.86,0.46474,0.55231,1.10717,0.82446,0.80623,0.84078,0.77327,0.72823,0.73356,0.73111,1.25202,0.0064459,0.0064459,0.0064459
361,6126.88,0.4401,0.54453,1.07524,0.81528,0.8181,0.83943,0.77262,0.7265,0.71964,0.69248,1.23573,0.006436,0.006436,0.006436
362,6144.06,0.44864,0.57485,1.09893,0.78687,0.8141,0.82388,0.77324,0.71727,0.73067,0.77855,1.25947,0.0064261,0.0064261,0.0064261
363,6161.04,0.44267,0.54844,1.09262,0.80889,0.80818,0.81496,0.75784,0.70118,0.7459,0.78613,1.26384,0.0064162,0.0064162,0.0064162
364,6178.39,0.441,0.53399,1.08738,0.80174,0.84617,0.8369,0.77607,0.72538,0.72763,0.73383,1.24744,0.0064063,0.0064063,0.0064063
365,6195.5,0.43987,0.53343,1.08669,0.78918,0.83296,0.84451,0.79397,0.73596,0.70976,0.78517,1.2323,0.0063964,0.0063964,0.0063964
366,6212.09,0.46622,0.55671,1.09921,0.81573,0.78313,0.8647,0.80142,0.74064,0.7271,0.73503,1.26338,0.0063865,0.0063865,0.0063865
367,6228.55,0.44624,0.55659,1.08948,0.81511,0.78276,0.83931,0.78271,0.72746,0.72129,0.758,1.24401,0.0063766,0.0063766,0.0063766
368,6245.52,0.43321,0.54099,1.07055,0.82086,0.78879,0.84487,0.77695,0.72812,0.7413,0.76954,1.29057,0.0063667,0.0063667,0.0063667
369,6262.49,0.43196,0.5581,1.08125,0.77457,0.8406,0.84516,0.7766,0.73097,0.7279,0.78023,1.25424,0.0063568,0.0063568,0.0063568
370,6279.47,0.44368,0.54908,1.07801,0.7887,0.84312,0.85566,0.79985,0.74244,0.72216,0.74509,1.25303,0.0063469,0.0063469,0.0063469
371,6296.69,0.45132,0.54779,1.09379,0.86863,0.75633,0.86785,0.80657,0.75631,0.72802,0.70824,1.25082,0.006337,0.006337,0.006337
372,6313.73,0.44162,0.56197,1.08834,0.82149,0.74769,0.83948,0.77103,0.72048,0.73419,0.74518,1.25093,0.0063271,0.0063271,0.0063271
373,6330.75,0.42399,0.51825,1.08958,0.81592,0.74855,0.82266,0.75885,0.71172,0.69864,0.72644,1.20659,0.0063172,0.0063172,0.0063172
374,6347.69,0.43808,0.54466,1.09239,0.82818,0.84085,0.85952,0.79264,0.75142,0.68601,0.67482,1.18284,0.0063073,0.0063073,0.0063073
375,6364.43,0.44248,0.54462,1.07921,0.81895,0.82046,0.83731,0.77346,0.726,0.7114,0.67877,1.22241,0.0062974,0.0062974,0.0062974
376,6381.07,0.41971,0.55129,1.0793,0.85743,0.77833,0.85858,0.79338,0.75145,0.70668,0.71331,1.22653,0.0062875,0.0062875,0.0062875
377,6397.51,0.43519,0.52653,1.08374,0.79003,0.85153,0.83925,0.77836,0.73144,0.69991,0.73912,1.21743,0.0062776,0.0062776,0.0062776
378,6414.51,0.44817,0.5473,1.10292,0.8243,0.82223,0.87084,0.80729,0.76618,0.69352,0.67785,1.22184,0.0062677,0.0062677,0.0062677
379,6431.44,0.44695,0.54538,1.07718,0.82795,0.77457,0.85304,0.79062,0.74448,0.70108,0.7386,1.21966,0.0062578,0.0062578,0.0062578
380,6448.56,0.42726,0.53021,1.083,0.7442,0.83726,0.83527,0.76581,0.71869,0.7221,0.80401,1.22569,0.0062479,0.0062479,0.0062479
381,6465.59,0.41268,0.50966,1.07358,0.83854,0.75592,0.84561,0.78362,0.7333,0.72456,0.77757,1.23334,0.006238,0.006238,0.006238
382,6482.41,0.4544,0.54608,1.09012,0.78816,0.82938,0.84421,0.77643,0.72969,0.719,0.72781,1.25317,0.0062281,0.0062281,0.0062281
383,6499.44,0.42043,0.54447,1.07634,0.76808,0.77096,0.80865,0.75197,0.70187,0.70881,0.79517,1.23683,0.0062182,0.0062182,0.0062182
384,6516.1,0.43549,0.54708,1.0925,0.7623,0.817,0.79582,0.72549,0.67698,0.72523,0.80728,1.24993,0.0062083,0.0062083,0.0062083
385,6532.84,0.43189,0.52359,1.07849,0.8083,0.80502,0.81792,0.75702,0.69905,0.72613,0.79232,1.23529,0.0061984,0.0061984,0.0061984
386,6549.91,0.4334,0.54385,1.06609,0.79293,0.82202,0.85438,0.79128,0.74278,0.71837,0.79378,1.24261,0.0061885,0.0061885,0.0061885
387,6567.05,0.43168,0.55644,1.08369,0.83597,0.79437,0.85473,0.79342,0.74327,0.71551,0.75949,1.23789,0.0061786,0.0061786,0.0061786
388,6583.9,0.45205,0.54964,1.09121,0.7908,0.81481,0.84429,0.77984,0.72721,0.72956,0.76928,1.24245,0.0061687,0.0061687,0.0061687
389,6600.88,0.44159,0.51214,1.08868,0.8345,0.77908,0.85744,0.79654,0.74153,0.7168,0.72984,1.2307,0.0061588,0.0061588,0.0061588
390,6617.72,0.44462,0.52092,1.08498,0.8225,0.80875,0.86923,0.79889,0.74907,0.73138,0.73093,1.25692,0.0061489,0.0061489,0.0061489
391,6634.42,0.43784,0.52243,1.08782,0.77892,0.80761,0.85883,0.79861,0.73996,0.72281,0.76476,1.24736,0.006139,0.006139,0.006139
392,6651.39,0.42902,0.49274,1.07376,0.83689,0.75686,0.85924,0.78032,0.74208,0.72957,0.78296,1.25084,0.0061291,0.0061291,0.0061291
393,6667.93,0.42179,0.49823,1.07616,0.78136,0.83073,0.86354,0.79689,0.7546,0.72029,0.72093,1.23,0.0061192,0.0061192,0.0061192
394,6684.68,0.42867,0.55395,1.07932,0.85469,0.74857,0.86814,0.79955,0.74496,0.74528,0.67134,1.25836,0.0061093,0.0061093,0.0061093
395,6701.23,0.424,0.53185,1.07082,0.82076,0.85102,0.86672,0.7971,0.75566,0.73566,0.67373,1.254,0.0060994,0.0060994,0.0060994
396,6718.21,0.41517,0.50707,1.06688,0.80004,0.80147,0.85774,0.79143,0.7515,0.72296,0.75688,1.24537,0.0060895,0.0060895,0.0060895
397,6735.36,0.41779,0.50326,1.06271,0.7686,0.87649,0.87441,0.80677,0.76033,0.72326,0.69326,1.25195,0.0060796,0.0060796,0.0060796
398,6752.24,0.43702,0.50302,1.08059,0.8432,0.81967,0.88451,0.80586,0.76711,0.73434,0.72751,1.27092,0.0060697,0.0060697,0.0060697
399,6769.28,0.43767,0.53632,1.08983,0.82012,0.80187,0.87088,0.79159,0.75247,0.71734,0.73912,1.25734,0.0060598,0.0060598,0.0060598
400,6786.37,0.44503,0.52363,1.09007,0.81755,0.79294,0.84576,0.76887,0.73308,0.71953,0.75134,1.25333,0.0060499,0.0060499,0.0060499
401,6803.33,0.4278,0.51887,1.07732,0.82727,0.79079,0.87023,0.81045,0.75418,0.72943,0.7186,1.26965,0.00604,0.00604,0.00604
402,6820.27,0.42399,0.52935,1.0804,0.81813,0.7846,0.85928,0.7979,0.74492,0.73359,0.76151,1.27184,0.0060301,0.0060301,0.0060301
403,6837.33,0.42344,0.5265,1.07118,0.82186,0.76967,0.85418,0.78744,0.73834,0.73185,0.76349,1.25965,0.0060202,0.0060202,0.0060202
404,6854.32,0.42427,0.55987,1.08165,0.82198,0.80769,0.83094,0.76731,0.71255,0.73995,0.77315,1.26824,0.0060103,0.0060103,0.0060103
405,6871.23,0.43605,0.51798,1.08355,0.75568,0.77042,0.79411,0.7286,0.68261,0.73359,0.85276,1.27476,0.0060004,0.0060004,0.0060004
406,6887.85,0.42889,0.52256,1.07904,0.77551,0.77899,0.80486,0.74555,0.69147,0.727,0.86301,1.26876,0.0059905,0.0059905,0.0059905
407,6904.97,0.43868,0.51051,1.0801,0.83571,0.77836,0.85095,0.76111,0.73296,0.71513,0.77234,1.24907,0.0059806,0.0059806,0.0059806
408,6921.9,0.43988,0.54194,1.08111,0.79687,0.81448,0.87095,0.78682,0.75842,0.72734,0.73077,1.27951,0.0059707,0.0059707,0.0059707
409,6938.96,0.41955,0.49639,1.07176,0.84192,0.75406,0.85155,0.77923,0.74005,0.71182,0.73238,1.23954,0.0059608,0.0059608,0.0059608
410,6955.86,0.42936,0.52209,1.06592,0.81584,0.79274,0.84503,0.77624,0.73805,0.70615,0.73036,1.22202,0.0059509,0.0059509,0.0059509
411,6972.92,0.42848,0.50874,1.07944,0.84271,0.78834,0.86092,0.7949,0.75374,0.69451,0.72395,1.21576,0.005941,0.005941,0.005941
412,6989.92,0.42037,0.49756,1.07276,0.84957,0.76812,0.85535,0.79856,0.74817,0.70203,0.77189,1.21627,0.0059311,0.0059311,0.0059311
413,7006.74,0.41872,0.49464,1.0698,0.85861,0.7513,0.86105,0.80001,0.75232,0.71935,0.73395,1.2334,0.0059212,0.0059212,0.0059212
414,7023.43,0.41572,0.50531,1.07025,0.80758,0.81369,0.84542,0.77054,0.73213,0.72412,0.75864,1.25612,0.0059113,0.0059113,0.0059113
415,7040.39,0.42551,0.5168,1.07962,0.81643,0.80635,0.82556,0.75089,0.70917,0.72821,0.82448,1.26156,0.0059014,0.0059014,0.0059014
416,7057.09,0.41583,0.49188,1.06872,0.82581,0.81519,0.8689,0.79841,0.74479,0.71779,0.73251,1.23595,0.0058915,0.0058915,0.0058915
417,7073.79,0.41668,0.51658,1.07178,0.78641,0.81324,0.85884,0.78781,0.73474,0.71793,0.78308,1.23732,0.0058816,0.0058816,0.0058816
418,7090.77,0.42638,0.50833,1.07557,0.80973,0.80934,0.86377,0.78638,0.73893,0.7207,0.747,1.24746,0.0058717,0.0058717,0.0058717
419,7107.68,0.43781,0.51,1.08123,0.80084,0.84792,0.84413,0.77415,0.72485,0.72332,0.72111,1.2419,0.0058618,0.0058618,0.0058618
420,7124.46,0.42454,0.5065,1.07774,0.81877,0.82687,0.81335,0.73174,0.69215,0.72405,0.78089,1.23925,0.0058519,0.0058519,0.0058519
421,7141.33,0.41817,0.50149,1.07544,0.82803,0.77914,0.82303,0.74648,0.70761,0.73102,0.78606,1.24598,0.005842,0.005842,0.005842
422,7158.11,0.41483,0.48558,1.07182,0.85835,0.78121,0.85196,0.78863,0.73623,0.74298,0.74772,1.28467,0.0058321,0.0058321,0.0058321
423,7175.03,0.4134,0.497,1.07644,0.81251,0.81742,0.87846,0.80943,0.75943,0.72026,0.75957,1.26642,0.0058222,0.0058222,0.0058222
424,7192.11,0.4134,0.49389,1.07385,0.86945,0.70999,0.85822,0.79241,0.74786,0.70013,0.75993,1.22497,0.0058123,0.0058123,0.0058123
425,7209.1,0.41158,0.49498,1.06291,0.84047,0.80271,0.86989,0.80599,0.76188,0.70355,0.67609,1.22785,0.0058024,0.0058024,0.0058024
426,7226.09,0.41968,0.52499,1.08083,0.84807,0.82243,0.88187,0.8089,0.77656,0.70428,0.65533,1.24177,0.0057925,0.0057925,0.0057925
427,7243.18,0.42508,0.50567,1.08241,0.84911,0.83507,0.88308,0.80733,0.76677,0.71298,0.65706,1.22712,0.0057826,0.0057826,0.0057826
428,7260.2,0.40782,0.49528,1.06955,0.80135,0.84778,0.86459,0.79519,0.74898,0.7139,0.66244,1.22214,0.0057727,0.0057727,0.0057727
429,7277.27,0.41756,0.49063,1.07201,0.78412,0.84523,0.85168,0.78608,0.73897,0.74234,0.72682,1.27159,0.0057628,0.0057628,0.0057628
430,7294.09,0.41447,0.51224,1.05944,0.81899,0.8147,0.84885,0.77865,0.73226,0.75118,0.73242,1.28967,0.0057529,0.0057529,0.0057529
431,7310.96,0.41648,0.50576,1.07674,0.75885,0.864,0.80511,0.7378,0.68819,0.73394,0.75001,1.24494,0.005743,0.005743,0.005743
432,7327.53,0.40488,0.49108,1.06433,0.80251,0.78669,0.81409,0.7401,0.705,0.7113,0.76053,1.20783,0.0057331,0.0057331,0.0057331
433,7344.3,0.41808,0.50964,1.07515,0.80066,0.78564,0.84369,0.77835,0.73212,0.7171,0.77746,1.21445,0.0057232,0.0057232,0.0057232
434,7360.95,0.42047,0.49314,1.07793,0.76747,0.78862,0.82373,0.75727,0.71243,0.72306,0.80517,1.22849,0.0057133,0.0057133,0.0057133
435,7377.65,0.41114,0.4897,1.06738,0.79443,0.74303,0.80505,0.74315,0.70253,0.71548,0.84894,1.22027,0.0057034,0.0057034,0.0057034
436,7394.46,0.42004,0.498,1.06681,0.79726,0.74861,0.82061,0.75256,0.70882,0.72109,0.81689,1.21964,0.0056935,0.0056935,0.0056935
437,7411.29,0.4083,0.48175,1.07174,0.78252,0.79399,0.83084,0.77078,0.72415,0.68903,0.84752,1.18213,0.0056836,0.0056836,0.0056836
438,7427.95,0.41588,0.49582,1.06162,0.78713,0.78348,0.83344,0.77592,0.72304,0.70462,0.8409,1.20864,0.0056737,0.0056737,0.0056737
439,7444.6,0.39315,0.48545,1.05821,0.80531,0.81173,0.86003,0.79937,0.74563,0.69255,0.76514,1.21002,0.0056638,0.0056638,0.0056638
440,7461.25,0.41115,0.51206,1.06682,0.8744,0.73667,0.85925,0.79615,0.74628,0.69391,0.77868,1.21314,0.0056539,0.0056539,0.0056539
441,7478.02,0.41408,0.48655,1.06472,0.80167,0.81839,0.8526,0.78175,0.734,0.72496,0.69394,1.24006,0.005644,0.005644,0.005644
442,7495.82,0.40273,0.50012,1.05775,0.79219,0.81137,0.81149,0.74368,0.70283,0.72244,0.74829,1.23433,0.0056341,0.0056341,0.0056341
443,7512.76,0.42058,0.48521,1.07219,0.74172,0.86031,0.82585,0.76365,0.71927,0.71461,0.77258,1.21013,0.0056242,0.0056242,0.0056242
444,7529.38,0.41755,0.49127,1.05982,0.78869,0.76949,0.80499,0.74715,0.69459,0.71288,0.81829,1.21705,0.0056143,0.0056143,0.0056143
445,7545.8,0.4172,0.49407,1.07822,0.80383,0.76098,0.81412,0.75448,0.71034,0.70022,0.86807,1.20267,0.0056044,0.0056044,0.0056044
446,7562.47,0.40442,0.47153,1.06213,0.81355,0.74563,0.83533,0.77938,0.72878,0.71091,0.80806,1.22087,0.0055945,0.0055945,0.0055945
447,7579.17,0.42304,0.50055,1.07312,0.81365,0.75333,0.83619,0.78635,0.73006,0.72058,0.8006,1.25467,0.0055846,0.0055846,0.0055846
448,7595.89,0.42402,0.50032,1.07554,0.80486,0.79839,0.82562,0.77785,0.72263,0.71092,0.78613,1.24515,0.0055747,0.0055747,0.0055747
449,7612.53,0.40349,0.477,1.05959,0.80902,0.76205,0.80519,0.7461,0.70217,0.71863,0.81703,1.24063,0.0055648,0.0055648,0.0055648
450,7629.68,0.4051,0.46096,1.06673,0.78307,0.79731,0.81734,0.75146,0.70685,0.71653,0.75476,1.24412,0.0055549,0.0055549,0.0055549
451,7646.85,0.41942,0.49936,1.06407,0.80424,0.76622,0.80847,0.74709,0.69816,0.70871,0.7289,1.24197,0.005545,0.005545,0.005545
452,7663.7,0.42198,0.47285,1.0577,0.78947,0.80393,0.79958,0.74108,0.69489,0.71873,0.80252,1.23897,0.0055351,0.0055351,0.0055351
453,7680.83,0.42408,0.48827,1.07475,0.8218,0.81952,0.82378,0.7669,0.71547,0.72349,0.73793,1.24296,0.0055252,0.0055252,0.0055252
454,7697.92,0.4237,0.47966,1.07199,0.80927,0.84463,0.84442,0.78376,0.73217,0.72724,0.69424,1.24951,0.0055153,0.0055153,0.0055153
455,7714.78,0.42078,0.4884,1.06317,0.77268,0.86262,0.86021,0.79,0.7453,0.73046,0.66437,1.25906,0.0055054,0.0055054,0.0055054
456,7731.63,0.40748,0.49359,1.05856,0.85983,0.76008,0.83998,0.77801,0.73012,0.7292,0.72814,1.24908,0.0054955,0.0054955,0.0054955
457,7748.49,0.4013,0.48477,1.06667,0.83523,0.79018,0.84546,0.79164,0.73534,0.71924,0.71537,1.246,0.0054856,0.0054856,0.0054856
458,7765.51,0.40933,0.47931,1.05834,0.84859,0.80579,0.86648,0.79346,0.74901,0.72233,0.71808,1.2472,0.0054757,0.0054757,0.0054757
459,7782.44,0.40878,0.45534,1.06264,0.8515,0.81286,0.85456,0.79376,0.74198,0.726,0.70642,1.25039,0.0054658,0.0054658,0.0054658
460,7799.11,0.42043,0.49486,1.0794,0.83925,0.80794,0.84968,0.78996,0.73521,0.70761,0.69958,1.22945,0.0054559,0.0054559,0.0054559
461,7816.04,0.3841,0.45445,1.04168,0.80841,0.82855,0.82854,0.76753,0.71496,0.72183,0.7497,1.24584,0.005446,0.005446,0.005446
462,7833.08,0.4107,0.47759,1.05894,0.84059,0.78621,0.81232,0.75127,0.70389,0.7234,0.74675,1.25571,0.0054361,0.0054361,0.0054361
463,7850.02,0.40922,0.46695,1.06866,0.84514,0.77561,0.8144,0.74995,0.70519,0.71053,0.71686,1.24294,0.0054262,0.0054262,0.0054262
464,7866.97,0.41286,0.47153,1.06479,0.7827,0.85099,0.83738,0.77359,0.72868,0.70284,0.70008,1.24146,0.0054163,0.0054163,0.0054163
465,7883.95,0.40336,0.45786,1.05216,0.83375,0.79689,0.83574,0.77824,0.72731,0.71093,0.68955,1.24135,0.0054064,0.0054064,0.0054064
466,7900.66,0.40375,0.48113,1.06252,0.78698,0.85571,0.82362,0.75077,0.70914,0.71872,0.69368,1.24539,0.0053965,0.0053965,0.0053965
467,7917.63,0.39509,0.45937,1.05705,0.81745,0.79473,0.79604,0.72822,0.68036,0.73365,0.7244,1.26879,0.0053866,0.0053866,0.0053866
468,7934.31,0.41663,0.48809,1.0563,0.81885,0.79285,0.7999,0.738,0.68583,0.72381,0.72681,1.26709,0.0053767,0.0053767,0.0053767
469,7950.96,0.40091,0.46578,1.05556,0.83487,0.7905,0.81235,0.75669,0.69915,0.71196,0.72989,1.25329,0.0053668,0.0053668,0.0053668
470,7967.68,0.39768,0.45266,1.0502,0.81386,0.78141,0.81839,0.7552,0.7039,0.72178,0.75947,1.26205,0.0053569,0.0053569,0.0053569
471,7984.81,0.39409,0.47585,1.0538,0.81548,0.81097,0.84174,0.76985,0.73107,0.72834,0.73848,1.29936,0.005347,0.005347,0.005347
472,8001.75,0.39663,0.47421,1.04884,0.83216,0.82236,0.86558,0.80287,0.75325,0.71353,0.69053,1.25813,0.0053371,0.0053371,0.0053371
473,8018.91,0.3874,0.44958,1.05485,0.84049,0.81773,0.86206,0.80507,0.75221,0.71203,0.68944,1.2581,0.0053272,0.0053272,0.0053272
474,8036.01,0.40605,0.4635,1.06156,0.8342,0.81795,0.86667,0.81362,0.75875,0.70069,0.69583,1.24186,0.0053173,0.0053173,0.0053173
475,8052.97,0.38727,0.45611,1.0442,0.84461,0.78416,0.84202,0.78186,0.733,0.69164,0.6946,1.22249,0.0053074,0.0053074,0.0053074
476,8069.97,0.3946,0.4554,1.04297,0.82957,0.80528,0.85913,0.79573,0.74543,0.70258,0.7026,1.23865,0.0052975,0.0052975,0.0052975
477,8086.85,0.41292,0.47038,1.06079,0.81771,0.81217,0.86338,0.81017,0.7528,0.68829,0.72575,1.22313,0.0052876,0.0052876,0.0052876
478,8103.84,0.38662,0.46041,1.04861,0.82571,0.80243,0.86982,0.81126,0.75577,0.6962,0.72771,1.22691,0.0052777,0.0052777,0.0052777
479,8121.05,0.39586,0.47491,1.04592,0.83894,0.81596,0.87133,0.80477,0.75897,0.70745,0.69981,1.23104,0.0052678,0.0052678,0.0052678
480,8137.97,0.40843,0.47348,1.06315,0.84623,0.80425,0.8666,0.77917,0.75074,0.72529,0.70134,1.25871,0.0052579,0.0052579,0.0052579
481,8154.86,0.40268,0.48219,1.05049,0.83693,0.81613,0.86396,0.80222,0.75295,0.71632,0.69974,1.2661,0.005248,0.005248,0.005248
482,8171.96,0.39899,0.47573,1.05548,0.82125,0.81981,0.83878,0.77653,0.72794,0.70406,0.72028,1.23998,0.0052381,0.0052381,0.0052381
483,8188.86,0.40092,0.45513,1.05453,0.83029,0.80563,0.8393,0.77197,0.72624,0.71802,0.73457,1.25458,0.0052282,0.0052282,0.0052282
484,8205.46,0.38412,0.43595,1.04349,0.81398,0.81618,0.84931,0.78432,0.74073,0.71309,0.73498,1.24087,0.0052183,0.0052183,0.0052183
485,8222.56,0.40981,0.48418,1.06617,0.84074,0.77632,0.84958,0.78452,0.73594,0.71347,0.73115,1.24045,0.0052084,0.0052084,0.0052084
486,8239.48,0.39602,0.47928,1.05679,0.81097,0.78709,0.82892,0.7582,0.70832,0.71783,0.75396,1.23606,0.0051985,0.0051985,0.0051985
487,8256.07,0.40169,0.47145,1.06363,0.79682,0.81664,0.8284,0.7707,0.71484,0.72379,0.78381,1.24488,0.0051886,0.0051886,0.0051886
488,8273.01,0.38827,0.46416,1.04854,0.81499,0.79244,0.84682,0.79463,0.73751,0.73081,0.76187,1.25805,0.0051787,0.0051787,0.0051787
489,8290.05,0.40623,0.4683,1.06304,0.79151,0.81278,0.83967,0.78792,0.73174,0.71745,0.73562,1.24165,0.0051688,0.0051688,0.0051688
490,8306.9,0.40273,0.47078,1.06595,0.82716,0.82917,0.85326,0.7933,0.74163,0.70468,0.72186,1.22037,0.0051589,0.0051589,0.0051589
491,8323.8,0.40225,0.46813,1.04968,0.8127,0.84334,0.85046,0.79019,0.73797,0.70179,0.70517,1.20302,0.005149,0.005149,0.005149
492,8340.74,0.38329,0.46968,1.04374,0.80869,0.84858,0.8763,0.8197,0.76694,0.69886,0.66277,1.19759,0.0051391,0.0051391,0.0051391
493,8357.61,0.38875,0.46384,1.04436,0.81013,0.8363,0.87348,0.82128,0.76399,0.69269,0.64996,1.21278,0.0051292,0.0051292,0.0051292
494,8374.5,0.3988,0.47026,1.05484,0.81396,0.83786,0.87948,0.82495,0.76694,0.70981,0.66138,1.25621,0.0051193,0.0051193,0.0051193
495,8391.19,0.39752,0.46904,1.05072,0.8245,0.80489,0.87164,0.81566,0.76365,0.69715,0.67572,1.24321,0.0051094,0.0051094,0.0051094
496,8408.07,0.39066,0.43781,1.053,0.79448,0.8226,0.8328,0.77254,0.72265,0.68556,0.71036,1.21219,0.0050995,0.0050995,0.0050995
497,8425.2,0.39232,0.4505,1.04443,0.80188,0.82169,0.81689,0.7582,0.71023,0.69767,0.73922,1.2248,0.0050896,0.0050896,0.0050896
498,8442.07,0.39788,0.4806,1.06412,0.81251,0.80274,0.82303,0.76526,0.716,0.7001,0.71075,1.23909,0.0050797,0.0050797,0.0050797
499,8458.98,0.38656,0.45012,1.04917,0.8169,0.80416,0.84155,0.78566,0.73406,0.70144,0.70066,1.23649,0.0050698,0.0050698,0.0050698
500,8476.06,0.40709,0.46779,1.05476,0.84231,0.78674,0.83924,0.78758,0.7329,0.70957,0.70082,1.23876,0.0050599,0.0050599,0.0050599
501,8492.97,0.39683,0.45902,1.0493,0.78142,0.79422,0.81461,0.75298,0.70521,0.72086,0.77332,1.25411,0.00505,0.00505,0.00505
502,8509.82,0.38814,0.45473,1.05441,0.79302,0.82975,0.80455,0.73547,0.69373,0.71757,0.74433,1.24286,0.0050401,0.0050401,0.0050401
503,8526.64,0.39888,0.46241,1.05836,0.80541,0.80803,0.79322,0.72456,0.6747,0.71723,0.77046,1.23513,0.0050302,0.0050302,0.0050302
504,8543.3,0.3974,0.44481,1.05011,0.79911,0.81722,0.80396,0.73384,0.69022,0.7103,0.77301,1.22712,0.0050203,0.0050203,0.0050203
505,8559.87,0.38746,0.45983,1.0534,0.81595,0.82936,0.81913,0.75693,0.70298,0.70692,0.71041,1.22204,0.0050104,0.0050104,0.0050104
506,8576.9,0.38649,0.42218,1.03392,0.84363,0.80432,0.83444,0.76932,0.72573,0.71803,0.69407,1.26098,0.0050005,0.0050005,0.0050005
507,8593.36,0.39892,0.45814,1.05916,0.82579,0.80183,0.81794,0.75323,0.7074,0.71266,0.72457,1.2514,0.0049906,0.0049906,0.0049906
508,8610.19,0.39579,0.45243,1.05035,0.79438,0.80996,0.80772,0.74799,0.69999,0.72757,0.76907,1.26928,0.0049807,0.0049807,0.0049807
509,8626.79,0.4003,0.46056,1.05927,0.81307,0.78639,0.79997,0.74375,0.6934,0.72808,0.77922,1.2764,0.0049708,0.0049708,0.0049708
510,8643.5,0.39958,0.47291,1.05809,0.80271,0.81148,0.81026,0.76244,0.70478,0.72184,0.75112,1.27239,0.0049609,0.0049609,0.0049609
511,8660.68,0.40133,0.47432,1.05473,0.79718,0.83712,0.8112,0.75799,0.7054,0.71362,0.71423,1.2578,0.004951,0.004951,0.004951
512,8677.52,0.39208,0.44238,1.05364,0.83687,0.82346,0.8382,0.78478,0.72912,0.71618,0.70315,1.26151,0.0049411,0.0049411,0.0049411
513,8694.26,0.39265,0.46232,1.05873,0.82736,0.83521,0.83023,0.75621,0.71898,0.70551,0.70048,1.24359,0.0049312,0.0049312,0.0049312
514,8711.09,0.38902,0.44465,1.04714,0.83032,0.81801,0.82756,0.75254,0.71706,0.70828,0.72821,1.231,0.0049213,0.0049213,0.0049213
515,8728.1,0.39301,0.43989,1.05332,0.83337,0.81561,0.81159,0.74988,0.70298,0.70488,0.71903,1.22027,0.0049114,0.0049114,0.0049114
516,8744.95,0.386,0.44223,1.04882,0.82299,0.81871,0.81772,0.75885,0.71191,0.70739,0.70382,1.23885,0.0049015,0.0049015,0.0049015
517,8761.84,0.36753,0.41507,1.03235,0.82107,0.81867,0.80523,0.74749,0.69847,0.69444,0.72425,1.21604,0.0048916,0.0048916,0.0048916
518,8778.49,0.39289,0.45754,1.05938,0.82889,0.82101,0.80563,0.74944,0.69385,0.69771,0.72104,1.20985,0.0048817,0.0048817,0.0048817
519,8795.37,0.3814,0.43564,1.03965,0.83056,0.8133,0.80749,0.74071,0.6905,0.7129,0.69542,1.24083,0.0048718,0.0048718,0.0048718
520,8812.05,0.39224,0.46702,1.04719,0.80564,0.83326,0.80273,0.73481,0.68894,0.71261,0.69669,1.25148,0.0048619,0.0048619,0.0048619
521,8828.82,0.38147,0.43652,1.03439,0.77851,0.83679,0.79693,0.73679,0.68659,0.70402,0.72658,1.22332,0.004852,0.004852,0.004852
522,8845.64,0.38277,0.43055,1.05021,0.82019,0.76692,0.80919,0.74906,0.69694,0.70301,0.69673,1.21828,0.0048421,0.0048421,0.0048421
523,8862.36,0.3836,0.44001,1.04479,0.80678,0.81822,0.81522,0.75132,0.70176,0.70608,0.70401,1.22431,0.0048322,0.0048322,0.0048322
524,8879.18,0.37032,0.42731,1.03406,0.82494,0.79068,0.81475,0.7491,0.7001,0.70846,0.74587,1.24398,0.0048223,0.0048223,0.0048223
525,8895.94,0.3884,0.44972,1.04516,0.82741,0.80211,0.81304,0.74133,0.70077,0.7101,0.76184,1.25443,0.0048124,0.0048124,0.0048124
526,8912.76,0.38709,0.44952,1.04885,0.83676,0.75912,0.79734,0.71992,0.68755,0.70626,0.76845,1.24309,0.0048025,0.0048025,0.0048025
527,8929.57,0.39281,0.43357,1.04745,0.8279,0.77672,0.81754,0.7466,0.71267,0.70828,0.74462,1.24979,0.0047926,0.0047926,0.0047926
528,8946.3,0.39271,0.43598,1.0468,0.80096,0.83993,0.82836,0.76097,0.72079,0.7067,0.72904,1.23991,0.0047827,0.0047827,0.0047827
529,8963.04,0.39184,0.44565,1.03701,0.82487,0.83118,0.83537,0.77017,0.72663,0.70186,0.72432,1.22635,0.0047728,0.0047728,0.0047728
530,8979.88,0.3864,0.43647,1.03997,0.81269,0.81309,0.81517,0.746,0.70878,0.71172,0.79242,1.2465,0.0047629,0.0047629,0.0047629
531,8996.81,0.37113,0.43135,1.03933,0.79935,0.81295,0.79987,0.72738,0.6933,0.71821,0.81518,1.25472,0.004753,0.004753,0.004753
532,9013.71,0.38816,0.44989,1.04623,0.77634,0.82202,0.81574,0.74701,0.70652,0.72821,0.79524,1.27878,0.0047431,0.0047431,0.0047431
533,9030.57,0.38194,0.44461,1.03931,0.77736,0.825,0.79805,0.73093,0.69113,0.73163,0.78872,1.27432,0.0047332,0.0047332,0.0047332
534,9047.22,0.3858,0.43478,1.04744,0.80633,0.79844,0.79725,0.74182,0.69242,0.72229,0.78099,1.24656,0.0047233,0.0047233,0.0047233
535,9064.05,0.37723,0.42966,1.03704,0.80309,0.81649,0.79608,0.74239,0.69327,0.71444,0.7782,1.23476,0.0047134,0.0047134,0.0047134
536,9080.84,0.37881,0.43924,1.03457,0.78063,0.83292,0.78881,0.72958,0.6832,0.7221,0.76473,1.2561,0.0047035,0.0047035,0.0047035
537,9097.72,0.37803,0.45503,1.04609,0.80136,0.82726,0.80355,0.73902,0.69431,0.72544,0.7558,1.23984,0.0046936,0.0046936,0.0046936
538,9114.67,0.39637,0.45762,1.04532,0.80958,0.81445,0.8092,0.74093,0.69706,0.73849,0.79291,1.2609,0.0046837,0.0046837,0.0046837
539,9131.63,0.39633,0.4527,1.05234,0.77449,0.83206,0.80184,0.73771,0.69295,0.73293,0.83577,1.27008,0.0046738,0.0046738,0.0046738
540,9148.63,0.37849,0.43071,1.04752,0.80212,0.79789,0.80871,0.74305,0.70079,0.72192,0.813,1.25158,0.0046639,0.0046639,0.0046639
541,9165.27,0.37096,0.42773,1.03754,0.7596,0.82133,0.78641,0.72047,0.68088,0.72368,0.825,1.249,0.004654,0.004654,0.004654
542,9181.88,0.36766,0.41788,1.04145,0.75696,0.81585,0.79421,0.72194,0.68468,0.73373,0.81109,1.27042,0.0046441,0.0046441,0.0046441
543,9198.65,0.38207,0.42927,1.04613,0.76973,0.80272,0.78994,0.72284,0.68299,0.72551,0.78389,1.25777,0.0046342,0.0046342,0.0046342
544,9215.26,0.37213,0.42683,1.0322,0.8299,0.73975,0.79455,0.72751,0.69028,0.72251,0.79792,1.25521,0.0046243,0.0046243,0.0046243
545,9231.99,0.38804,0.41885,1.03783,0.753,0.81647,0.80895,0.74573,0.70406,0.71025,0.78451,1.2451,0.0046144,0.0046144,0.0046144
546,9248.57,0.38082,0.42686,1.04541,0.77056,0.79644,0.79994,0.7362,0.69344,0.71906,0.81569,1.25416,0.0046045,0.0046045,0.0046045
547,9265.33,0.36734,0.40527,1.03543,0.74655,0.82215,0.79894,0.74223,0.69388,0.7106,0.84251,1.23731,0.0045946,0.0045946,0.0045946
548,9282.24,0.38047,0.41229,1.03924,0.82785,0.7352,0.79131,0.73164,0.68349,0.71511,0.82561,1.25673,0.0045847,0.0045847,0.0045847
549,9299.01,0.37419,0.41542,1.04066,0.76515,0.80636,0.80072,0.73679,0.69305,0.71522,0.83159,1.24757,0.0045748,0.0045748,0.0045748
550,9315.58,0.37986,0.42034,1.04032,0.74524,0.84182,0.78236,0.72022,0.67631,0.72053,0.80461,1.25481,0.0045649,0.0045649,0.0045649
551,9332.37,0.37482,0.40931,1.03744,0.79072,0.79166,0.78927,0.72852,0.68316,0.71706,0.79718,1.25091,0.004555,0.004555,0.004555
552,9348.97,0.38365,0.42887,1.04679,0.82363,0.77573,0.7964,0.73633,0.691,0.70807,0.78457,1.23139,0.0045451,0.0045451,0.0045451
553,9365.65,0.38873,0.43266,1.04101,0.82074,0.76308,0.80375,0.74504,0.69798,0.70519,0.77185,1.22346,0.0045352,0.0045352,0.0045352
554,9382.4,0.37802,0.4301,1.03757,0.79007,0.80512,0.80982,0.7554,0.70575,0.692,0.71656,1.20722,0.0045253,0.0045253,0.0045253
555,9399.22,0.38571,0.41648,1.05006,0.79849,0.78304,0.8119,0.7524,0.70795,0.69611,0.71977,1.22272,0.0045154,0.0045154,0.0045154
556,9415.98,0.38938,0.42613,1.04462,0.76268,0.81061,0.8099,0.75185,0.70485,0.69288,0.73958,1.22356,0.0045055,0.0045055,0.0045055
557,9433.06,0.37879,0.41679,1.04088,0.79805,0.78856,0.79329,0.73814,0.68771,0.69742,0.79174,1.22906,0.0044956,0.0044956,0.0044956
558,9450.08,0.3808,0.4224,1.03571,0.79984,0.80499,0.80114,0.74321,0.69816,0.70914,0.76213,1.25591,0.0044857,0.0044857,0.0044857
559,9466.86,0.37519,0.41336,1.03314,0.80397,0.82381,0.82769,0.76458,0.72195,0.70009,0.69803,1.23241,0.0044758,0.0044758,0.0044758
560,9483.4,0.38463,0.41949,1.03942,0.81715,0.82854,0.85463,0.79441,0.74804,0.69965,0.68014,1.22493,0.0044659,0.0044659,0.0044659
561,9500.28,0.37604,0.41315,1.04303,0.81475,0.82447,0.85225,0.80343,0.75384,0.70074,0.70844,1.22538,0.004456,0.004456,0.004456
562,9517.05,0.37305,0.41446,1.04097,0.83968,0.78861,0.84041,0.78812,0.74104,0.70271,0.74132,1.23391,0.0044461,0.0044461,0.0044461
563,9533.95,0.37863,0.42962,1.0419,0.8364,0.79171,0.8288,0.77096,0.72877,0.70538,0.74708,1.24037,0.0044362,0.0044362,0.0044362
564,9550.84,0.38379,0.42781,1.03905,0.80523,0.83197,0.82193,0.76778,0.72231,0.69845,0.75164,1.2342,0.0044263,0.0044263,0.0044263
565,9567.83,0.37265,0.42266,1.0307,0.79191,0.83124,0.81587,0.75782,0.71496,0.70583,0.75425,1.2361,0.0044164,0.0044164,0.0044164
566,9584.5,0.38475,0.42052,1.03997,0.83436,0.81438,0.82966,0.76171,0.72426,0.70688,0.73031,1.24223,0.0044065,0.0044065,0.0044065
567,9601.34,0.36852,0.42906,1.03265,0.81787,0.81199,0.8285,0.76802,0.72229,0.71414,0.7351,1.25318,0.0043966,0.0043966,0.0043966
568,9618.36,0.37388,0.41118,1.03597,0.7994,0.82622,0.84237,0.78022,0.73226,0.72052,0.73236,1.26782,0.0043867,0.0043867,0.0043867
569,9635.21,0.37488,0.40164,1.03105,0.82603,0.79014,0.82108,0.75955,0.7129,0.72143,0.76527,1.2594,0.0043768,0.0043768,0.0043768
570,9651.94,0.3746,0.42094,1.02869,0.82424,0.78923,0.82674,0.76247,0.71706,0.72498,0.74942,1.26093,0.0043669,0.0043669,0.0043669
571,9668.73,0.36738,0.41386,1.03565,0.82374,0.81741,0.84746,0.79144,0.73531,0.72101,0.74409,1.24746,0.004357,0.004357,0.004357
572,9685.46,0.36786,0.42813,1.03086,0.81801,0.78199,0.84762,0.78967,0.73945,0.70758,0.74647,1.23151,0.0043471,0.0043471,0.0043471
573,9702.39,0.37328,0.4257,1.03273,0.8073,0.79257,0.83125,0.7609,0.72303,0.70942,0.74479,1.22835,0.0043372,0.0043372,0.0043372
574,9719.06,0.36592,0.41073,1.02762,0.82359,0.79021,0.82673,0.76824,0.7219,0.71088,0.71827,1.23577,0.0043273,0.0043273,0.0043273
575,9735.72,0.35469,0.41419,1.03271,0.80208,0.79789,0.8201,0.76051,0.71222,0.71473,0.72095,1.23575,0.0043174,0.0043174,0.0043174
576,9752.33,0.3645,0.42361,1.03556,0.79206,0.8102,0.82144,0.74939,0.71172,0.71893,0.72497,1.2422,0.0043075,0.0043075,0.0043075
577,9768.9,0.37899,0.41236,1.03706,0.77997,0.84077,0.82494,0.75331,0.71539,0.71245,0.74798,1.2278,0.0042976,0.0042976,0.0042976
578,9785.44,0.36681,0.4176,1.03816,0.80292,0.7906,0.81565,0.74279,0.70805,0.71598,0.77136,1.24268,0.0042877,0.0042877,0.0042877
579,9801.9,0.36648,0.42219,1.03398,0.80712,0.79403,0.81513,0.74553,0.70917,0.71721,0.76084,1.24808,0.0042778,0.0042778,0.0042778
580,9819.01,0.36722,0.41592,1.03665,0.81755,0.79438,0.81103,0.73666,0.70012,0.72296,0.7281,1.24325,0.0042679,0.0042679,0.0042679
581,9835.82,0.35723,0.40391,1.03179,0.82855,0.77434,0.80915,0.73819,0.69957,0.72699,0.73551,1.25432,0.004258,0.004258,0.004258
582,9852.58,0.37285,0.4194,1.03577,0.82177,0.78556,0.81371,0.74149,0.70213,0.72552,0.72201,1.26846,0.0042481,0.0042481,0.0042481
583,9869.35,0.35168,0.42146,1.03961,0.83815,0.78579,0.82337,0.75297,0.7133,0.70936,0.70965,1.23385,0.0042382,0.0042382,0.0042382
584,9886.01,0.35918,0.41004,1.03001,0.79044,0.85473,0.83619,0.77735,0.72755,0.7094,0.68001,1.23257,0.0042283,0.0042283,0.0042283
585,9902.85,0.37012,0.40915,1.04112,0.79597,0.84531,0.83768,0.77448,0.72781,0.70929,0.69314,1.2252,0.0042184,0.0042184,0.0042184
586,9919.56,0.3664,0.42234,1.03746,0.81873,0.78609,0.82367,0.76462,0.71664,0.70836,0.72905,1.21814,0.0042085,0.0042085,0.0042085
587,9936.55,0.37494,0.44019,1.03461,0.80949,0.79622,0.82178,0.76198,0.71398,0.70919,0.69851,1.2271,0.0041986,0.0041986,0.0041986
588,9953.21,0.34998,0.40222,1.02353,0.80948,0.78882,0.82847,0.77026,0.72032,0.71722,0.69993,1.26065,0.0041887,0.0041887,0.0041887
589,9970.01,0.36498,0.42019,1.03791,0.78848,0.85799,0.82688,0.76688,0.72251,0.71425,0.71677,1.25535,0.0041788,0.0041788,0.0041788
590,9986.51,0.3592,0.41581,1.03987,0.793,0.84119,0.82177,0.76347,0.71704,0.70394,0.72927,1.22386,0.0041689,0.0041689,0.0041689
591,10003,0.36236,0.40675,1.02794,0.80463,0.81617,0.83223,0.78111,0.72713,0.70773,0.74734,1.23354,0.004159,0.004159,0.004159
592,10019.6,0.37215,0.43751,1.03353,0.80656,0.83203,0.83334,0.7793,0.7283,0.70575,0.75158,1.23199,0.0041491,0.0041491,0.0041491
593,10036.4,0.36892,0.41744,1.02394,0.81249,0.79312,0.82217,0.77449,0.72131,0.70741,0.76812,1.24046,0.0041392,0.0041392,0.0041392
594,10053.1,0.35017,0.4032,1.01996,0.82312,0.8023,0.82555,0.76953,0.72227,0.70785,0.74318,1.24053,0.0041293,0.0041293,0.0041293
595,10069.7,0.36979,0.42712,1.03609,0.77863,0.82532,0.82854,0.7723,0.72585,0.71087,0.76929,1.24076,0.0041194,0.0041194,0.0041194
596,10086.7,0.359,0.39692,1.01459,0.79968,0.82684,0.82581,0.76541,0.71976,0.71902,0.74397,1.25842,0.0041095,0.0041095,0.0041095
597,10103.7,0.36412,0.40651,1.02899,0.81188,0.82136,0.82777,0.76293,0.71919,0.70943,0.74006,1.24484,0.0040996,0.0040996,0.0040996
598,10120.5,0.37324,0.42857,1.03852,0.82541,0.81045,0.81722,0.75942,0.71023,0.70729,0.77433,1.24646,0.0040897,0.0040897,0.0040897
599,10137.2,0.36591,0.41085,1.03129,0.81836,0.81033,0.81439,0.76016,0.70826,0.71898,0.77161,1.26731,0.0040798,0.0040798,0.0040798
600,10153.8,0.372,0.41902,1.02933,0.79866,0.81033,0.81089,0.756,0.71121,0.70455,0.78546,1.23957,0.0040699,0.0040699,0.0040699
601,10170.5,0.38032,0.41786,1.03083,0.82063,0.79461,0.79773,0.74959,0.69894,0.70616,0.79186,1.24841,0.00406,0.00406,0.00406
602,10187.3,0.34967,0.38357,1.02219,0.80743,0.75157,0.78564,0.73571,0.68647,0.70418,0.81604,1.24827,0.0040501,0.0040501,0.0040501
603,10204.2,0.36881,0.40563,1.03403,0.7794,0.79,0.78409,0.73384,0.68295,0.69993,0.80276,1.24327,0.0040402,0.0040402,0.0040402
604,10220.8,0.35717,0.39876,1.0243,0.78042,0.79319,0.79647,0.74735,0.69428,0.708,0.78984,1.24688,0.0040303,0.0040303,0.0040303
605,10237.7,0.36831,0.42243,1.02709,0.79311,0.78292,0.79538,0.74686,0.69313,0.71048,0.78379,1.24608,0.0040204,0.0040204,0.0040204
606,10254.6,0.36989,0.40132,1.02583,0.82341,0.79705,0.8158,0.76696,0.71609,0.70247,0.76114,1.23221,0.0040105,0.0040105,0.0040105
607,10271.3,0.34827,0.39543,1.01832,0.81521,0.81704,0.81998,0.76653,0.72035,0.69565,0.73274,1.22152,0.0040006,0.0040006,0.0040006
608,10288.2,0.36402,0.41413,1.04028,0.81244,0.78218,0.81915,0.76211,0.71531,0.70858,0.72944,1.24176,0.0039907,0.0039907,0.0039907
609,10304.9,0.36338,0.43167,1.02377,0.8122,0.775,0.81474,0.75888,0.71131,0.71269,0.746,1.24412,0.0039808,0.0039808,0.0039808
610,10321.1,0.37447,0.42031,1.04125,0.82332,0.79098,0.80371,0.74669,0.69825,0.70529,0.75521,1.23394,0.0039709,0.0039709,0.0039709
611,10337.6,0.3537,0.39739,1.02439,0.79074,0.83096,0.80165,0.74332,0.69595,0.70374,0.76124,1.22717,0.003961,0.003961,0.003961
612,10354,0.36981,0.38864,1.04013,0.81053,0.81491,0.80959,0.75505,0.70438,0.70455,0.74814,1.22486,0.0039511,0.0039511,0.0039511
613,10370.8,0.37211,0.39007,1.02899,0.81477,0.7884,0.79835,0.73854,0.69284,0.70738,0.77031,1.23251,0.0039412,0.0039412,0.0039412
614,10387.5,0.36741,0.40908,1.0256,0.79953,0.80111,0.78944,0.73025,0.68467,0.70715,0.80458,1.23248,0.0039313,0.0039313,0.0039313
615,10404.3,0.35833,0.41032,1.02391,0.82355,0.77022,0.78966,0.72919,0.68405,0.69926,0.80598,1.2225,0.0039214,0.0039214,0.0039214
616,10421.1,0.35301,0.40965,1.02581,0.81689,0.77866,0.79419,0.74148,0.68927,0.69306,0.77613,1.21718,0.0039115,0.0039115,0.0039115
617,10438.1,0.35137,0.3893,1.03017,0.80264,0.80297,0.80002,0.74337,0.69031,0.6897,0.78292,1.21655,0.0039016,0.0039016,0.0039016
618,10454.7,0.36048,0.39337,1.02278,0.81818,0.80339,0.81345,0.75673,0.70261,0.69153,0.77333,1.22266,0.0038917,0.0038917,0.0038917
619,10471.5,0.34807,0.37902,1.01741,0.80223,0.80211,0.81029,0.75476,0.70218,0.69115,0.78152,1.22875,0.0038818,0.0038818,0.0038818
620,10488.6,0.34817,0.37991,1.01906,0.78379,0.81286,0.80964,0.75545,0.70052,0.68993,0.76402,1.22171,0.0038719,0.0038719,0.0038719
621,10505.2,0.36592,0.39445,1.02699,0.79496,0.80457,0.81053,0.75093,0.70332,0.69483,0.75284,1.22622,0.003862,0.003862,0.003862
622,10521.9,0.35035,0.38376,1.0224,0.79392,0.79958,0.81237,0.75967,0.7088,0.69716,0.75033,1.23096,0.0038521,0.0038521,0.0038521
623,10538.7,0.3725,0.41427,1.03242,0.80443,0.78739,0.81475,0.755,0.71255,0.70135,0.7779,1.24339,0.0038422,0.0038422,0.0038422
624,10555.3,0.35158,0.38805,1.02191,0.79393,0.79418,0.80941,0.76052,0.70842,0.69908,0.77519,1.23521,0.0038323,0.0038323,0.0038323
625,10572,0.35818,0.38718,1.01808,0.82108,0.75985,0.80198,0.75684,0.70354,0.6993,0.77389,1.23046,0.0038224,0.0038224,0.0038224
626,10588.9,0.36216,0.39036,1.02333,0.75355,0.85303,0.81045,0.75909,0.70946,0.69712,0.77532,1.22426,0.0038125,0.0038125,0.0038125
627,10605.8,0.37269,0.38406,1.02951,0.75163,0.85059,0.80997,0.75059,0.70957,0.69554,0.77745,1.21476,0.0038026,0.0038026,0.0038026
628,10622.5,0.35459,0.38323,1.01598,0.78215,0.83493,0.80849,0.74581,0.70662,0.6907,0.7653,1.20399,0.0037927,0.0037927,0.0037927
629,10639.3,0.37076,0.40517,1.03803,0.78773,0.83566,0.80599,0.74515,0.70243,0.69017,0.79108,1.20252,0.0037828,0.0037828,0.0037828
630,10656.2,0.33826,0.39906,1.0231,0.7639,0.85907,0.823,0.7672,0.71911,0.68606,0.77197,1.20419,0.0037729,0.0037729,0.0037729
631,10673.1,0.35706,0.38467,1.02883,0.78839,0.80027,0.81851,0.7576,0.71167,0.68394,0.7537,1.20296,0.003763,0.003763,0.003763
632,10689.8,0.35528,0.38034,1.02102,0.80989,0.796,0.82047,0.75251,0.71392,0.68796,0.75549,1.21096,0.0037531,0.0037531,0.0037531
633,10706.5,0.35054,0.381,1.01492,0.81134,0.78218,0.82289,0.7521,0.72014,0.68893,0.76207,1.20716,0.0037432,0.0037432,0.0037432
634,10723.3,0.35334,0.3899,1.02425,0.80299,0.79199,0.82554,0.76633,0.72569,0.68715,0.75061,1.20388,0.0037333,0.0037333,0.0037333
635,10740.1,0.35492,0.39315,1.01788,0.80765,0.81825,0.82797,0.77463,0.72466,0.69589,0.74658,1.22736,0.0037234,0.0037234,0.0037234
636,10757,0.35455,0.38323,1.02623,0.80646,0.81815,0.82991,0.77784,0.72777,0.69714,0.75198,1.22882,0.0037135,0.0037135,0.0037135
637,10773.9,0.3559,0.38782,1.0213,0.77192,0.83754,0.83383,0.7809,0.73038,0.70129,0.7346,1.23331,0.0037036,0.0037036,0.0037036
638,10790.6,0.34222,0.37068,1.01555,0.8223,0.76358,0.82178,0.76533,0.71722,0.70326,0.7418,1.23212,0.0036937,0.0036937,0.0036937
639,10807.3,0.35316,0.38278,1.0232,0.82877,0.77622,0.81509,0.75413,0.70913,0.70845,0.76725,1.23482,0.0036838,0.0036838,0.0036838
640,10824.1,0.35484,0.38725,1.0253,0.83658,0.76746,0.82214,0.76372,0.71754,0.71147,0.77614,1.25017,0.0036739,0.0036739,0.0036739
641,10841.1,0.37009,0.40251,1.03058,0.83394,0.79148,0.82264,0.76763,0.71716,0.71403,0.78331,1.26723,0.003664,0.003664,0.003664
642,10858.2,0.34817,0.39388,1.0168,0.83594,0.79246,0.82199,0.7674,0.71809,0.70584,0.77199,1.24703,0.0036541,0.0036541,0.0036541
643,10875,0.36017,0.36788,1.02643,0.81091,0.82227,0.82315,0.7658,0.71763,0.70016,0.75256,1.24618,0.0036442,0.0036442,0.0036442
644,10891.8,0.35114,0.38529,1.02069,0.82804,0.78698,0.81661,0.75707,0.71368,0.69931,0.74398,1.25526,0.0036343,0.0036343,0.0036343
645,10908.6,0.35184,0.38595,1.02614,0.80322,0.82874,0.8172,0.75987,0.71453,0.69846,0.73691,1.25212,0.0036244,0.0036244,0.0036244
646,10925.6,0.3471,0.39252,1.01365,0.82298,0.80912,0.81137,0.75411,0.70679,0.70192,0.76325,1.25962,0.0036145,0.0036145,0.0036145
647,10942.4,0.34636,0.38074,1.01398,0.81949,0.79042,0.81086,0.75253,0.70532,0.69627,0.77729,1.25248,0.0036046,0.0036046,0.0036046
648,10959.2,0.35014,0.38248,1.02235,0.83723,0.79498,0.81263,0.75845,0.70757,0.68582,0.76841,1.23315,0.0035947,0.0035947,0.0035947
649,10976,0.34621,0.36487,1.02302,0.8315,0.79471,0.81699,0.76676,0.71318,0.69106,0.771,1.24694,0.0035848,0.0035848,0.0035848
650,10992.8,0.35065,0.3931,1.01786,0.82381,0.80077,0.81911,0.76639,0.71673,0.68943,0.77042,1.23213,0.0035749,0.0035749,0.0035749
651,11009.6,0.33728,0.35823,1.01281,0.81848,0.8057,0.81288,0.75606,0.70691,0.69395,0.77799,1.23274,0.003565,0.003565,0.003565
652,11026.3,0.34714,0.37657,1.01802,0.82503,0.78981,0.80954,0.7522,0.69883,0.7039,0.80099,1.24383,0.0035551,0.0035551,0.0035551
653,11043.2,0.34455,0.39342,1.02171,0.82625,0.79469,0.80647,0.74669,0.69521,0.70862,0.79961,1.25561,0.0035452,0.0035452,0.0035452
654,11060.1,0.34076,0.36287,1.01928,0.83353,0.78344,0.80408,0.74485,0.69381,0.70088,0.81574,1.24563,0.0035353,0.0035353,0.0035353
655,11077,0.34233,0.37217,1.01612,0.8038,0.81884,0.80962,0.74824,0.70095,0.69285,0.79171,1.23015,0.0035254,0.0035254,0.0035254
656,11093.9,0.34528,0.38351,1.01191,0.85364,0.77764,0.81833,0.75404,0.71029,0.69781,0.77256,1.2321,0.0035155,0.0035155,0.0035155
657,11110.5,0.33728,0.36559,1.01665,0.86309,0.77113,0.82147,0.75958,0.70994,0.70605,0.75039,1.24259,0.0035056,0.0035056,0.0035056
658,11127.1,0.35357,0.3865,1.02139,0.79918,0.81637,0.82534,0.7639,0.71448,0.70817,0.75527,1.24622,0.0034957,0.0034957,0.0034957
659,11144,0.33827,0.36828,1.01132,0.84296,0.78201,0.8275,0.76717,0.715,0.70906,0.75145,1.24493,0.0034858,0.0034858,0.0034858
660,11160.6,0.3483,0.37127,1.01234,0.8353,0.79216,0.82714,0.76583,0.71451,0.70578,0.74698,1.23783,0.0034759,0.0034759,0.0034759
661,11177.3,0.34539,0.37608,1.01824,0.82578,0.80484,0.82384,0.77003,0.71435,0.70122,0.75552,1.2273,0.003466,0.003466,0.003466
662,11194,0.33851,0.36352,1.01825,0.83384,0.80133,0.81948,0.76491,0.71047,0.69634,0.73422,1.22468,0.0034561,0.0034561,0.0034561
663,11210.9,0.33197,0.35207,1.01146,0.86099,0.78372,0.82096,0.7618,0.71039,0.69201,0.70549,1.22095,0.0034462,0.0034462,0.0034462
664,11227.7,0.33381,0.36754,1.02079,0.86057,0.7752,0.82226,0.76664,0.71285,0.68824,0.71463,1.21369,0.0034363,0.0034363,0.0034363
665,11244.9,0.33712,0.36582,1.01264,0.83853,0.80382,0.83282,0.779,0.72448,0.68683,0.71131,1.21381,0.0034264,0.0034264,0.0034264
666,11261.9,0.3457,0.38215,1.02597,0.83599,0.80789,0.83025,0.77601,0.71936,0.69538,0.72623,1.22448,0.0034165,0.0034165,0.0034165
667,11278.7,0.34064,0.36889,1.01302,0.81888,0.81688,0.82516,0.77407,0.71803,0.69631,0.72616,1.22547,0.0034066,0.0034066,0.0034066
668,11295.5,0.33955,0.39979,1.01754,0.79088,0.83515,0.82605,0.77721,0.71946,0.69245,0.7244,1.22123,0.0033967,0.0033967,0.0033967
669,11312.3,0.33887,0.37138,1.01089,0.8194,0.81799,0.83138,0.78016,0.72717,0.6943,0.73453,1.2209,0.0033868,0.0033868,0.0033868
670,11329.1,0.33579,0.37395,1.01864,0.83353,0.80527,0.83729,0.78222,0.73348,0.69687,0.7361,1.22629,0.0033769,0.0033769,0.0033769
671,11346.1,0.33651,0.35703,1.01038,0.82192,0.80879,0.81995,0.7715,0.71913,0.69367,0.74847,1.21724,0.003367,0.003367,0.003367
672,11363,0.34779,0.37295,1.01432,0.79341,0.81882,0.81422,0.76034,0.71172,0.68644,0.75769,1.20984,0.0033571,0.0033571,0.0033571
673,11379.6,0.34857,0.37995,1.01803,0.82837,0.76691,0.81323,0.76291,0.71128,0.69309,0.77257,1.2234,0.0033472,0.0033472,0.0033472
674,11396.5,0.3376,0.37972,1.01143,0.82901,0.76873,0.82046,0.76661,0.7158,0.69222,0.78631,1.21948,0.0033373,0.0033373,0.0033373
675,11413.5,0.34406,0.36688,1.02103,0.82159,0.77241,0.81777,0.75931,0.71433,0.69487,0.78871,1.2296,0.0033274,0.0033274,0.0033274
676,11430.5,0.33087,0.36316,1.00943,0.78898,0.81831,0.81944,0.76118,0.7175,0.68997,0.78887,1.22429,0.0033175,0.0033175,0.0033175
677,11447.6,0.33939,0.373,1.00594,0.77622,0.82897,0.81183,0.76106,0.71104,0.69051,0.79849,1.2232,0.0033076,0.0033076,0.0033076
678,11464.7,0.34182,0.37682,1.01185,0.81813,0.76927,0.80321,0.754,0.70129,0.69363,0.81636,1.22978,0.0032977,0.0032977,0.0032977
679,11481.5,0.33517,0.36561,1.00683,0.81726,0.781,0.82755,0.77426,0.726,0.69188,0.7897,1.23249,0.0032878,0.0032878,0.0032878
680,11497.9,0.36465,0.3934,1.03037,0.82263,0.78892,0.83086,0.77903,0.72883,0.69336,0.77486,1.23319,0.0032779,0.0032779,0.0032779
681,11514.8,0.33853,0.37727,1.01338,0.83296,0.80017,0.82877,0.77859,0.72583,0.69993,0.77901,1.24776,0.003268,0.003268,0.003268
682,11531.6,0.32814,0.36846,1.0094,0.83377,0.81994,0.8366,0.7839,0.73042,0.69493,0.7638,1.23453,0.0032581,0.0032581,0.0032581
683,11548.3,0.33792,0.36274,1.00976,0.81439,0.82385,0.8424,0.79257,0.73715,0.69859,0.73934,1.23791,0.0032482,0.0032482,0.0032482
684,11565.2,0.32834,0.3485,1.00475,0.81079,0.81866,0.8384,0.79499,0.73611,0.68959,0.75053,1.22431,0.0032383,0.0032383,0.0032383
685,11582.1,0.33484,0.35689,1.01248,0.82011,0.79843,0.83536,0.78617,0.73335,0.69115,0.78396,1.23475,0.0032284,0.0032284,0.0032284
686,11598.8,0.33539,0.36774,1.01038,0.81042,0.81354,0.82507,0.77391,0.72327,0.68861,0.78527,1.23573,0.0032185,0.0032185,0.0032185
687,11615.5,0.3309,0.36905,1.01275,0.81499,0.81009,0.82564,0.77417,0.72544,0.68876,0.78192,1.23701,0.0032086,0.0032086,0.0032086
688,11632.4,0.33351,0.37586,1.00968,0.80744,0.82515,0.83718,0.78665,0.7376,0.68937,0.75424,1.24047,0.0031987,0.0031987,0.0031987
689,11649.3,0.33269,0.37093,1.01053,0.82459,0.81906,0.843,0.78906,0.74098,0.68233,0.75301,1.21936,0.0031888,0.0031888,0.0031888
690,11666,0.34369,0.38199,1.0086,0.82076,0.80739,0.85554,0.80053,0.75424,0.67718,0.72675,1.21594,0.0031789,0.0031789,0.0031789
691,11682.5,0.33173,0.34891,1.01675,0.83169,0.82329,0.86258,0.80689,0.76234,0.676,0.71979,1.20863,0.003169,0.003169,0.003169
692,11699.6,0.34484,0.3794,1.02305,0.82137,0.82083,0.86409,0.80794,0.76388,0.67925,0.71219,1.2123,0.0031591,0.0031591,0.0031591
693,11716.4,0.33889,0.36943,1.00776,0.83067,0.81417,0.85815,0.80377,0.75867,0.67585,0.72138,1.20329,0.0031492,0.0031492,0.0031492
694,11733.3,0.34063,0.37415,1.01671,0.84449,0.78919,0.84331,0.78841,0.74413,0.67173,0.73846,1.19533,0.0031393,0.0031393,0.0031393
695,11750.3,0.32979,0.35401,1.004,0.81886,0.81159,0.84729,0.79326,0.74893,0.67005,0.74612,1.19445,0.0031294,0.0031294,0.0031294
696,11767.1,0.34661,0.36246,1.02033,0.82613,0.79683,0.85818,0.80649,0.75951,0.66827,0.74892,1.19151,0.0031195,0.0031195,0.0031195
697,11784.1,0.32581,0.3699,1.01066,0.82203,0.80121,0.86017,0.80183,0.76094,0.67193,0.74233,1.1978,0.0031096,0.0031096,0.0031096
698,11801.2,0.3285,0.3466,1.00376,0.82255,0.79854,0.84911,0.79384,0.74905,0.67923,0.76128,1.20885,0.0030997,0.0030997,0.0030997
699,11818.3,0.33008,0.36785,1.00369,0.82364,0.78824,0.84532,0.79357,0.74383,0.6799,0.75666,1.20826,0.0030898,0.0030898,0.0030898
700,11835,0.32577,0.36171,0.99848,0.80371,0.80961,0.83505,0.78175,0.73426,0.68057,0.74179,1.21013,0.0030799,0.0030799,0.0030799
701,11852,0.32908,0.36653,1.0091,0.79557,0.80791,0.83305,0.77924,0.72906,0.68512,0.76607,1.21658,0.00307,0.00307,0.00307
702,11868.7,0.32784,0.36303,1.00258,0.79106,0.81279,0.8334,0.77535,0.72583,0.69076,0.75806,1.2263,0.0030601,0.0030601,0.0030601
703,11885.5,0.33317,0.3578,1.0104,0.77854,0.83134,0.82992,0.76976,0.72177,0.69425,0.75603,1.23152,0.0030502,0.0030502,0.0030502
704,11901.7,0.31801,0.34414,0.99579,0.79315,0.8019,0.82113,0.76205,0.71491,0.69133,0.7598,1.2307,0.0030403,0.0030403,0.0030403
705,11918.8,0.34306,0.36694,1.00479,0.79392,0.7994,0.81285,0.75372,0.70909,0.68647,0.77034,1.2249,0.0030304,0.0030304,0.0030304
706,11936,0.33347,0.35056,1.00412,0.78048,0.812,0.80017,0.74363,0.69269,0.6878,0.79077,1.22708,0.0030205,0.0030205,0.0030205
707,11952.9,0.3414,0.36573,1.00845,0.7839,0.80461,0.7909,0.73928,0.6849,0.69417,0.81583,1.24503,0.0030106,0.0030106,0.0030106
708,11969.8,0.32731,0.34712,0.99875,0.8121,0.76272,0.79202,0.73935,0.68759,0.69625,0.84803,1.24098,0.0030007,0.0030007,0.0030007
709,11986.9,0.33601,0.35576,1.00974,0.80897,0.76816,0.79938,0.74608,0.6925,0.69863,0.85592,1.24781,0.0029908,0.0029908,0.0029908
710,12003.9,0.33705,0.34884,1.0132,0.81407,0.75979,0.80087,0.7493,0.69378,0.70182,0.85067,1.25943,0.0029809,0.0029809,0.0029809
711,12020.6,0.32421,0.34006,1.00612,0.82031,0.74871,0.80141,0.7446,0.69482,0.69871,0.8462,1.24648,0.002971,0.002971,0.002971
712,12037.4,0.32579,0.35178,1.00287,0.8138,0.75691,0.80433,0.74262,0.69959,0.69631,0.8274,1.24595,0.0029611,0.0029611,0.0029611
713,12054.4,0.33227,0.36313,1.01379,0.81908,0.78195,0.80619,0.74661,0.69971,0.68771,0.79186,1.22668,0.0029512,0.0029512,0.0029512
714,12071.3,0.34569,0.37475,1.01844,0.8076,0.79874,0.81733,0.75747,0.71262,0.68947,0.79224,1.22687,0.0029413,0.0029413,0.0029413
715,12087.9,0.32769,0.36246,1.0033,0.80527,0.80652,0.82767,0.76816,0.72186,0.69389,0.78599,1.23296,0.0029314,0.0029314,0.0029314
716,12104.9,0.32234,0.34004,1.00512,0.80356,0.82341,0.83177,0.77498,0.72674,0.69028,0.76962,1.22861,0.0029215,0.0029215,0.0029215
717,12122.1,0.32774,0.35846,1.01159,0.81094,0.81682,0.83079,0.7754,0.72738,0.6901,0.76836,1.22736,0.0029116,0.0029116,0.0029116
718,12138.9,0.31205,0.35677,1.01003,0.80892,0.79963,0.81909,0.7626,0.7157,0.68972,0.77933,1.22725,0.0029017,0.0029017,0.0029017
719,12156,0.33253,0.35904,0.99825,0.81133,0.80852,0.81282,0.75373,0.71152,0.68964,0.77342,1.22937,0.0028918,0.0028918,0.0028918
720,12173,0.32515,0.34748,0.99383,0.80737,0.80576,0.81366,0.75629,0.71205,0.68757,0.77065,1.22707,0.0028819,0.0028819,0.0028819
721,12190.2,0.32235,0.35343,1.00194,0.82156,0.78462,0.81107,0.7533,0.70962,0.69083,0.78146,1.24286,0.002872,0.002872,0.002872
722,12207.3,0.33408,0.36766,1.01052,0.80303,0.80833,0.82431,0.76817,0.72259,0.68486,0.79169,1.22426,0.0028621,0.0028621,0.0028621
723,12224,0.33402,0.35402,1.00844,0.82195,0.77864,0.82557,0.76805,0.72056,0.68722,0.78603,1.22614,0.0028522,0.0028522,0.0028522
724,12241,0.32878,0.33134,1.00225,0.82599,0.7767,0.81702,0.76707,0.71436,0.69513,0.78013,1.24116,0.0028423,0.0028423,0.0028423
725,12257.9,0.33034,0.34916,1.00043,0.78946,0.80322,0.81259,0.75471,0.70985,0.69902,0.77948,1.24466,0.0028324,0.0028324,0.0028324
726,12274.4,0.32807,0.36615,1.00481,0.79815,0.77494,0.81235,0.7529,0.71011,0.69855,0.77914,1.24505,0.0028225,0.0028225,0.0028225
727,12291.1,0.32364,0.3442,0.99561,0.79188,0.79075,0.82109,0.7651,0.71933,0.6978,0.76124,1.24181,0.0028126,0.0028126,0.0028126
728,12308.2,0.33413,0.35561,1.00298,0.81761,0.78721,0.83269,0.77081,0.72928,0.69225,0.74909,1.22642,0.0028027,0.0028027,0.0028027
729,12325.2,0.33778,0.36481,1.01197,0.81316,0.78555,0.82155,0.76333,0.71906,0.6912,0.75108,1.22388,0.0027928,0.0027928,0.0027928
730,12342.4,0.32709,0.34168,0.99649,0.81021,0.78869,0.81216,0.75265,0.7091,0.69066,0.75075,1.22558,0.0027829,0.0027829,0.0027829
731,12359.4,0.32736,0.35764,1.01053,0.7821,0.80525,0.80838,0.75234,0.70843,0.68732,0.74673,1.2216,0.002773,0.002773,0.002773
732,12376.7,0.33223,0.34791,1.01378,0.79627,0.81659,0.81238,0.75689,0.71337,0.68353,0.75486,1.21456,0.0027631,0.0027631,0.0027631
733,12393.9,0.33067,0.35346,1.00555,0.81124,0.7977,0.81936,0.76822,0.72131,0.68179,0.76088,1.21143,0.0027532,0.0027532,0.0027532
734,12410.7,0.336,0.35099,0.99968,0.80488,0.7929,0.81239,0.76212,0.71476,0.68443,0.75515,1.21482,0.0027433,0.0027433,0.0027433
735,12427.7,0.317,0.32898,0.99331,0.77724,0.80363,0.8102,0.76181,0.7108,0.69148,0.76366,1.22582,0.0027334,0.0027334,0.0027334
736,12444.6,0.33864,0.37367,1.00765,0.81661,0.78216,0.81122,0.75621,0.70926,0.69515,0.75888,1.2399,0.0027235,0.0027235,0.0027235
737,12461.7,0.32283,0.34743,0.99934,0.81405,0.78152,0.81369,0.76421,0.712,0.69212,0.75961,1.24183,0.0027136,0.0027136,0.0027136
738,12478.8,0.31834,0.3335,0.99913,0.82424,0.78484,0.81672,0.76667,0.71373,0.68981,0.74564,1.2415,0.0027037,0.0027037,0.0027037
739,12495.6,0.32343,0.34387,1.00715,0.82696,0.78486,0.81824,0.76866,0.71596,0.68558,0.73533,1.23476,0.0026938,0.0026938,0.0026938
740,12512.9,0.3238,0.35106,1.00223,0.82015,0.79011,0.81694,0.76221,0.71563,0.68604,0.7337,1.23431,0.0026839,0.0026839,0.0026839
741,12530.3,0.32388,0.35499,1.00858,0.82306,0.79336,0.82463,0.76575,0.72167,0.69016,0.72382,1.23782,0.002674,0.002674,0.002674
742,12547.4,0.32645,0.33767,1.00336,0.81541,0.80124,0.82678,0.76572,0.72121,0.69172,0.72133,1.23861,0.0026641,0.0026641,0.0026641
743,12564.8,0.3149,0.33473,0.98882,0.82496,0.79873,0.82983,0.77021,0.72498,0.69337,0.74033,1.23906,0.0026542,0.0026542,0.0026542
744,12582.3,0.31214,0.33381,0.99187,0.8312,0.76874,0.83454,0.77702,0.72938,0.69338,0.75136,1.23875,0.0026443,0.0026443,0.0026443
745,12599.5,0.32154,0.34271,1.00464,0.80684,0.8124,0.81505,0.75629,0.7103,0.6938,0.75338,1.23941,0.0026344,0.0026344,0.0026344
746,12616.7,0.34161,0.36086,1.00803,0.82316,0.79462,0.81396,0.75494,0.71096,0.6985,0.75501,1.25828,0.0026245,0.0026245,0.0026245
747,12633.8,0.32997,0.34359,1.00814,0.82615,0.7897,0.81298,0.75244,0.70786,0.69737,0.75953,1.25448,0.0026146,0.0026146,0.0026146
748,12650.7,0.30732,0.32656,0.98914,0.83735,0.79447,0.81576,0.7556,0.71111,0.6967,0.74007,1.24903,0.0026047,0.0026047,0.0026047
749,12667.9,0.32324,0.34819,1.00008,0.82713,0.7966,0.82387,0.76715,0.72103,0.69372,0.74151,1.24124,0.0025948,0.0025948,0.0025948
750,12685.2,0.32382,0.36777,0.99874,0.82734,0.79158,0.82274,0.7632,0.71872,0.69239,0.74233,1.23848,0.0025849,0.0025849,0.0025849
751,12702.3,0.31757,0.35778,1.00301,0.81326,0.79696,0.82021,0.75818,0.71589,0.69268,0.74855,1.23577,0.002575,0.002575,0.002575
752,12719.4,0.31973,0.33478,1.00053,0.81952,0.79338,0.82014,0.75829,0.71627,0.6961,0.7429,1.23867,0.0025651,0.0025651,0.0025651
753,12736,0.31378,0.33759,1.00067,0.80442,0.80969,0.82102,0.76081,0.71581,0.69956,0.72945,1.24562,0.0025552,0.0025552,0.0025552
754,12752.6,0.31839,0.35045,1.00139,0.81739,0.79414,0.81497,0.75645,0.71205,0.69981,0.73635,1.24697,0.0025453,0.0025453,0.0025453
755,12769.4,0.32757,0.36398,1.01039,0.7888,0.82151,0.81257,0.75107,0.71263,0.69407,0.74119,1.24231,0.0025354,0.0025354,0.0025354
756,12786.2,0.32407,0.34603,1.00504,0.78096,0.82683,0.81073,0.7511,0.70903,0.68155,0.74112,1.21479,0.0025255,0.0025255,0.0025255
757,12802.6,0.31655,0.34386,0.99421,0.77743,0.83369,0.80969,0.75353,0.70859,0.67713,0.74522,1.20928,0.0025156,0.0025156,0.0025156
758,12819.2,0.31951,0.34291,0.99568,0.77951,0.83762,0.808,0.75254,0.70684,0.67949,0.74666,1.2132,0.0025057,0.0025057,0.0025057
759,12836.1,0.32369,0.3546,0.99739,0.80345,0.82318,0.81285,0.75839,0.71144,0.68213,0.73946,1.21619,0.0024958,0.0024958,0.0024958
760,12852.9,0.31843,0.33106,0.99332,0.80222,0.82292,0.81885,0.76381,0.71504,0.68242,0.74364,1.21574,0.0024859,0.0024859,0.0024859
761,12869.6,0.3153,0.32874,1.00312,0.7918,0.83332,0.81824,0.76061,0.71765,0.68795,0.73485,1.23372,0.002476,0.002476,0.002476
762,12885.9,0.30801,0.34582,0.99076,0.78455,0.84187,0.81982,0.76661,0.71942,0.68362,0.72828,1.22789,0.0024661,0.0024661,0.0024661
763,12902.7,0.30255,0.32956,0.99544,0.79303,0.83692,0.81824,0.76389,0.71868,0.68321,0.73537,1.22769,0.0024562,0.0024562,0.0024562
764,12919.2,0.31481,0.33455,1.00433,0.7919,0.84226,0.81965,0.76249,0.7164,0.68871,0.73601,1.23915,0.0024463,0.0024463,0.0024463
765,12935.9,0.32343,0.34211,0.99834,0.78449,0.84019,0.82118,0.76503,0.71737,0.686,0.73545,1.22627,0.0024364,0.0024364,0.0024364
766,12952.8,0.30952,0.32668,0.99916,0.7956,0.80984,0.82014,0.76437,0.71744,0.692,0.73645,1.24315,0.0024265,0.0024265,0.0024265
767,12969.8,0.31463,0.34392,1.00391,0.80261,0.79852,0.8246,0.76792,0.72196,0.69027,0.74564,1.23123,0.0024166,0.0024166,0.0024166
768,12986.9,0.31745,0.33927,0.99908,0.81034,0.79589,0.81513,0.75786,0.71111,0.69309,0.76121,1.2337,0.0024067,0.0024067,0.0024067
769,13004,0.31245,0.33438,0.99419,0.80234,0.80883,0.8166,0.75549,0.71179,0.69763,0.76243,1.24138,0.0023968,0.0023968,0.0023968
770,13021.1,0.31723,0.32496,0.99476,0.79829,0.80251,0.8232,0.76289,0.71907,0.70177,0.76638,1.25874,0.0023869,0.0023869,0.0023869
771,13037.9,0.30492,0.33138,0.98847,0.7924,0.80583,0.81613,0.75634,0.71146,0.70248,0.76924,1.25842,0.002377,0.002377,0.002377
772,13054.9,0.31222,0.34957,1.00335,0.78021,0.80993,0.81353,0.7543,0.70927,0.70363,0.77467,1.25826,0.0023671,0.0023671,0.0023671
773,13072,0.32086,0.3281,1.00494,0.78298,0.8053,0.81384,0.74941,0.70843,0.70336,0.771,1.25769,0.0023572,0.0023572,0.0023572
774,13088.9,0.30695,0.32313,0.99008,0.79064,0.78147,0.81206,0.74688,0.70731,0.70296,0.76557,1.25503,0.0023473,0.0023473,0.0023473
775,13105.7,0.31415,0.33824,0.99432,0.79147,0.78877,0.8115,0.74833,0.70735,0.70284,0.75376,1.25429,0.0023374,0.0023374,0.0023374
776,13122.6,0.32363,0.35128,1.00915,0.78216,0.82039,0.81463,0.75186,0.71043,0.70194,0.75567,1.25173,0.0023275,0.0023275,0.0023275
777,13139.4,0.32043,0.33584,0.99445,0.80511,0.80193,0.8155,0.75096,0.70966,0.70213,0.7533,1.24868,0.0023176,0.0023176,0.0023176
778,13156.4,0.30622,0.32381,0.99165,0.81316,0.76547,0.81774,0.75652,0.71152,0.69945,0.75407,1.244,0.0023077,0.0023077,0.0023077
779,13173.3,0.31271,0.33643,1.00279,0.79083,0.79122,0.81293,0.75258,0.70722,0.69689,0.76372,1.24182,0.0022978,0.0022978,0.0022978
780,13190.2,0.32178,0.34102,1.00139,0.79892,0.78613,0.80805,0.74631,0.70335,0.69752,0.76269,1.24447,0.0022879,0.0022879,0.0022879
781,13207.3,0.32682,0.33984,1.00982,0.8059,0.78832,0.81161,0.75015,0.70739,0.69682,0.74624,1.24753,0.002278,0.002278,0.002278
782,13224.4,0.29924,0.32495,0.98806,0.81063,0.78213,0.81387,0.75378,0.71108,0.69774,0.73887,1.25073,0.0022681,0.0022681,0.0022681
783,13241.5,0.31007,0.33609,0.99654,0.81242,0.78217,0.81507,0.75663,0.71225,0.69899,0.73657,1.25468,0.0022582,0.0022582,0.0022582
784,13258.8,0.32163,0.34069,1.00454,0.82188,0.77735,0.81729,0.75595,0.71338,0.70061,0.73514,1.25896,0.0022483,0.0022483,0.0022483
785,13275.7,0.32016,0.33727,0.99816,0.81536,0.78311,0.81632,0.75373,0.7125,0.70226,0.74101,1.26566,0.0022384,0.0022384,0.0022384
786,13292.7,0.31354,0.3257,0.98897,0.7506,0.87636,0.8231,0.75983,0.71925,0.69925,0.73827,1.26508,0.0022285,0.0022285,0.0022285
787,13309.8,0.29766,0.31841,0.99072,0.77026,0.85867,0.8256,0.7602,0.72076,0.69705,0.73789,1.25803,0.0022186,0.0022186,0.0022186
788,13327,0.30191,0.32728,0.99819,0.78641,0.84362,0.82643,0.76325,0.72191,0.69735,0.74171,1.25395,0.0022087,0.0022087,0.0022087
789,13343.8,0.31088,0.33271,0.99403,0.79517,0.84757,0.823,0.75863,0.71808,0.70147,0.73683,1.25971,0.0021988,0.0021988,0.0021988
790,13360.8,0.31646,0.33258,0.99563,0.79079,0.85863,0.82838,0.76209,0.72446,0.70152,0.72998,1.2537,0.0021889,0.0021889,0.0021889
791,13377.7,0.30913,0.32321,0.99669,0.7758,0.86667,0.81857,0.7521,0.71476,0.70074,0.73226,1.24924,0.002179,0.002179,0.002179
792,13394.5,0.31655,0.33514,1.00332,0.77085,0.84351,0.81401,0.74936,0.71055,0.69997,0.7366,1.24588,0.0021691,0.0021691,0.0021691
793,13411.4,0.30346,0.32566,0.98281,0.78649,0.83006,0.81231,0.74675,0.70847,0.70206,0.73454,1.25,0.0021592,0.0021592,0.0021592
794,13428.3,0.30849,0.33878,0.99159,0.79511,0.82778,0.8129,0.74894,0.70947,0.70569,0.74021,1.26008,0.0021493,0.0021493,0.0021493
795,13445.2,0.30992,0.34452,0.99904,0.78838,0.83484,0.82023,0.75531,0.71867,0.70584,0.74111,1.26327,0.0021394,0.0021394,0.0021394
796,13462.1,0.32502,0.32457,0.99001,0.77336,0.84263,0.8191,0.75667,0.71857,0.70127,0.74315,1.251,0.0021295,0.0021295,0.0021295
797,13478.9,0.30837,0.32004,0.99129,0.76782,0.8391,0.81766,0.75599,0.71479,0.70203,0.75588,1.25089,0.0021196,0.0021196,0.0021196
798,13495.8,0.31449,0.33013,1.00257,0.77137,0.8433,0.8184,0.75235,0.71324,0.70878,0.76323,1.26551,0.0021097,0.0021097,0.0021097
799,13512.8,0.31755,0.32382,0.99774,0.77105,0.84221,0.81488,0.74766,0.70971,0.70919,0.76495,1.26354,0.0020998,0.0020998,0.0020998
800,13529.8,0.30509,0.33245,0.98183,0.77068,0.84409,0.81473,0.74871,0.70884,0.70936,0.76588,1.26539,0.0020899,0.0020899,0.0020899
801,13546.9,0.30436,0.33069,0.99038,0.77495,0.84152,0.81368,0.75034,0.709,0.70441,0.76784,1.24874,0.00208,0.00208,0.00208
802,13564,0.31265,0.32925,0.99664,0.77285,0.84104,0.81282,0.74848,0.70934,0.70286,0.77436,1.24621,0.0020701,0.0020701,0.0020701
803,13581,0.3091,0.33253,0.98977,0.78069,0.83759,0.81096,0.74808,0.70869,0.70337,0.7783,1.24811,0.0020602,0.0020602,0.0020602
804,13598,0.30697,0.32365,0.99645,0.83258,0.7644,0.81011,0.74792,0.70636,0.70248,0.78587,1.24644,0.0020503,0.0020503,0.0020503
805,13614.9,0.30754,0.32264,0.99536,0.80013,0.80063,0.80331,0.74062,0.70073,0.70275,0.79872,1.2455,0.0020404,0.0020404,0.0020404
806,13632,0.31669,0.32865,0.99589,0.81332,0.79909,0.8083,0.75026,0.70797,0.70111,0.7924,1.24423,0.0020305,0.0020305,0.0020305
807,13649.1,0.29342,0.31176,0.98629,0.82174,0.7924,0.80828,0.75239,0.70884,0.6979,0.78788,1.24111,0.0020206,0.0020206,0.0020206
808,13666,0.30604,0.31729,0.98755,0.8188,0.79509,0.80992,0.75297,0.71067,0.69829,0.7869,1.24289,0.0020107,0.0020107,0.0020107
809,13682.9,0.30154,0.31145,0.9857,0.81949,0.79097,0.8112,0.75537,0.71198,0.69944,0.78491,1.24542,0.0020008,0.0020008,0.0020008
810,13699.9,0.30801,0.31649,0.99437,0.76406,0.83927,0.81112,0.75188,0.71138,0.69849,0.7739,1.24518,0.0019909,0.0019909,0.0019909
811,13716.8,0.29601,0.3236,0.98342,0.82307,0.78835,0.82519,0.76418,0.72304,0.69782,0.77276,1.2451,0.001981,0.001981,0.001981
812,13733.8,0.29391,0.30947,0.98173,0.81901,0.78932,0.81899,0.75914,0.71773,0.69898,0.7754,1.24777,0.0019711,0.0019711,0.0019711
813,13750.8,0.30985,0.31326,1.0004,0.7707,0.83652,0.81806,0.75841,0.71827,0.69632,0.76856,1.24555,0.0019612,0.0019612,0.0019612
814,13767.8,0.3108,0.3302,0.9945,0.77548,0.83465,0.8189,0.75813,0.71894,0.6937,0.76173,1.24122,0.0019513,0.0019513,0.0019513
815,13784.7,0.28923,0.30328,0.98126,0.78254,0.83727,0.81394,0.7533,0.71119,0.69193,0.75601,1.23983,0.0019414,0.0019414,0.0019414
816,13801.4,0.31082,0.31861,0.99262,0.78282,0.83433,0.81582,0.75292,0.71222,0.69136,0.7508,1.2393,0.0019315,0.0019315,0.0019315
817,13818.1,0.30459,0.32203,0.9971,0.81465,0.80607,0.8147,0.75318,0.71161,0.69129,0.75245,1.23893,0.0019216,0.0019216,0.0019216
818,13834.8,0.30142,0.3333,0.99052,0.80194,0.82377,0.81375,0.7541,0.70994,0.69098,0.75136,1.24042,0.0019117,0.0019117,0.0019117
819,13851.6,0.30815,0.31304,0.98939,0.80162,0.82289,0.82138,0.76047,0.71724,0.68931,0.75945,1.23766,0.0019018,0.0019018,0.0019018
820,13868.6,0.30402,0.31011,0.98925,0.79951,0.82186,0.81726,0.76017,0.71648,0.68729,0.75429,1.23654,0.0018919,0.0018919,0.0018919
821,13885.5,0.29781,0.31252,0.97916,0.79805,0.82097,0.81638,0.76102,0.71694,0.68437,0.75183,1.23403,0.001882,0.001882,0.001882
822,13902.3,0.29839,0.31746,0.9859,0.79045,0.83166,0.81671,0.7612,0.71556,0.68532,0.75389,1.23545,0.0018721,0.0018721,0.0018721
823,13919.2,0.30551,0.3139,0.99396,0.82933,0.78468,0.80939,0.74869,0.70585,0.6872,0.75665,1.23725,0.0018622,0.0018622,0.0018622
824,13936.2,0.30167,0.29636,0.98429,0.77853,0.83878,0.81536,0.75307,0.71134,0.68925,0.75979,1.2386,0.0018523,0.0018523,0.0018523
825,13953.2,0.3015,0.31265,0.98476,0.82763,0.7814,0.8146,0.75041,0.71042,0.69086,0.76713,1.24009,0.0018424,0.0018424,0.0018424
826,13969.9,0.30336,0.31364,0.9848,0.82165,0.78237,0.81361,0.75104,0.70979,0.69322,0.76646,1.24295,0.0018325,0.0018325,0.0018325
827,13986.5,0.29386,0.30524,0.98231,0.78532,0.81482,0.81329,0.75117,0.70938,0.6928,0.76009,1.24059,0.0018226,0.0018226,0.0018226
828,14003.4,0.28942,0.303,0.97372,0.7982,0.80471,0.81121,0.74707,0.70865,0.6928,0.76155,1.23946,0.0018127,0.0018127,0.0018127
829,14020.3,0.30473,0.32031,0.98797,0.79565,0.8069,0.81188,0.75048,0.71053,0.69284,0.76409,1.23759,0.0018028,0.0018028,0.0018028
830,14037.4,0.28405,0.31019,0.98019,0.79391,0.80901,0.81056,0.7467,0.70897,0.69211,0.76707,1.23622,0.0017929,0.0017929,0.0017929
831,14054.4,0.31007,0.32301,0.99232,0.77181,0.81395,0.80885,0.74768,0.70779,0.69117,0.77075,1.2356,0.001783,0.001783,0.001783
832,14071.5,0.29286,0.29835,0.97783,0.77122,0.81209,0.8086,0.74833,0.708,0.69172,0.7782,1.23553,0.0017731,0.0017731,0.0017731
833,14088.5,0.29352,0.30608,0.99206,0.77703,0.81172,0.80892,0.74715,0.70834,0.69535,0.78677,1.23934,0.0017632,0.0017632,0.0017632
834,14105.5,0.29729,0.29401,0.97808,0.76789,0.83504,0.80493,0.74056,0.70379,0.69558,0.78045,1.23999,0.0017533,0.0017533,0.0017533
835,14122.3,0.29225,0.31847,0.98132,0.77606,0.83769,0.8043,0.73959,0.70362,0.6939,0.77807,1.23863,0.0017434,0.0017434,0.0017434
836,14139,0.30912,0.31336,0.99637,0.78339,0.83276,0.80493,0.74602,0.70523,0.69305,0.77699,1.23739,0.0017335,0.0017335,0.0017335
837,14155.8,0.31238,0.31957,0.98806,0.78625,0.826,0.80368,0.74479,0.70422,0.69244,0.77979,1.23809,0.0017236,0.0017236,0.0017236
838,14172.8,0.3088,0.31365,0.99901,0.77739,0.83035,0.80338,0.74511,0.70315,0.69248,0.78171,1.23961,0.0017137,0.0017137,0.0017137
839,14189.5,0.2875,0.29862,0.97708,0.76653,0.8391,0.80093,0.74343,0.69955,0.69255,0.78281,1.24083,0.0017038,0.0017038,0.0017038
840,14206.1,0.29615,0.30437,0.98462,0.75045,0.84787,0.80068,0.74392,0.7007,0.69234,0.77873,1.24039,0.0016939,0.0016939,0.0016939
841,14223,0.29916,0.30544,0.98381,0.75137,0.8365,0.79731,0.74273,0.69781,0.69316,0.781,1.24267,0.001684,0.001684,0.001684
842,14240,0.29985,0.30178,0.98621,0.74585,0.84557,0.79646,0.74152,0.69839,0.69228,0.78444,1.24142,0.0016741,0.0016741,0.0016741
843,14257,0.29008,0.2985,0.98294,0.74491,0.83871,0.79528,0.73862,0.69676,0.69385,0.78706,1.24327,0.0016642,0.0016642,0.0016642
844,14273.7,0.30004,0.31088,0.99519,0.74596,0.85849,0.79572,0.74125,0.69757,0.69576,0.78608,1.24677,0.0016543,0.0016543,0.0016543
845,14290.5,0.3006,0.30875,0.97801,0.75253,0.81661,0.79726,0.74077,0.698,0.69497,0.78721,1.24591,0.0016444,0.0016444,0.0016444
846,14307.4,0.29657,0.30443,0.97918,0.75942,0.81269,0.7951,0.73765,0.69672,0.69675,0.78907,1.24847,0.0016345,0.0016345,0.0016345
847,14324.4,0.29067,0.30615,0.99068,0.7916,0.77925,0.79896,0.73935,0.69926,0.69666,0.77705,1.24795,0.0016246,0.0016246,0.0016246
848,14341.3,0.29588,0.30037,0.98813,0.75547,0.8341,0.79991,0.73896,0.70098,0.69512,0.77773,1.24471,0.0016147,0.0016147,0.0016147
849,14358.3,0.28473,0.30781,0.97628,0.75495,0.83,0.7997,0.73828,0.70029,0.69459,0.77772,1.24214,0.0016048,0.0016048,0.0016048
850,14375.3,0.29202,0.29033,0.9852,0.74828,0.83369,0.80171,0.74555,0.70337,0.69403,0.77623,1.24099,0.0015949,0.0015949,0.0015949
851,14392.1,0.28264,0.28811,0.97539,0.75347,0.83116,0.80043,0.74144,0.70136,0.6942,0.77707,1.24,0.001585,0.001585,0.001585
852,14409.2,0.29868,0.33808,0.98759,0.75812,0.85472,0.80211,0.74126,0.70099,0.6948,0.78337,1.2384,0.0015751,0.0015751,0.0015751
853,14426.2,0.28872,0.30063,0.9722,0.76458,0.84796,0.80231,0.73951,0.70065,0.6964,0.78182,1.23867,0.0015652,0.0015652,0.0015652
854,14443.1,0.31044,0.32361,0.99171,0.75949,0.84661,0.8018,0.73757,0.70051,0.6974,0.78513,1.23999,0.0015553,0.0015553,0.0015553
855,14460,0.2958,0.30082,0.97897,0.75776,0.84792,0.8021,0.73794,0.70093,0.69718,0.7829,1.23958,0.0015454,0.0015454,0.0015454
856,14477,0.29196,0.30043,0.98167,0.74246,0.85792,0.80381,0.7369,0.70086,0.69655,0.77503,1.23775,0.0015355,0.0015355,0.0015355
857,14493.9,0.29726,0.314,0.98195,0.77315,0.81478,0.80223,0.73361,0.69861,0.6956,0.77541,1.23626,0.0015256,0.0015256,0.0015256
858,14510.8,0.29624,0.30798,0.9904,0.77982,0.8083,0.80099,0.73322,0.69901,0.69751,0.77205,1.23958,0.0015157,0.0015157,0.0015157
859,14527.9,0.286,0.29735,0.97225,0.81019,0.78218,0.80355,0.73645,0.70026,0.69837,0.76841,1.24166,0.0015058,0.0015058,0.0015058
860,14544.7,0.29383,0.29662,0.9833,0.81409,0.78587,0.80468,0.7376,0.70072,0.69793,0.76696,1.24161,0.0014959,0.0014959,0.0014959
861,14561.6,0.28799,0.28489,0.9712,0.81505,0.78581,0.8031,0.73925,0.6997,0.69801,0.7692,1.2426,0.001486,0.001486,0.001486
862,14578.7,0.28078,0.28763,0.98024,0.8134,0.7819,0.80209,0.7431,0.69776,0.69866,0.77193,1.2446,0.0014761,0.0014761,0.0014761
863,14595.7,0.28757,0.29171,0.97991,0.81479,0.7818,0.79957,0.74082,0.69661,0.69813,0.77336,1.24376,0.0014662,0.0014662,0.0014662
864,14612.2,0.29741,0.31023,0.98037,0.81762,0.78154,0.80738,0.74436,0.70323,0.698,0.77614,1.24393,0.0014563,0.0014563,0.0014563
865,14628.8,0.29106,0.29642,0.97795,0.81824,0.78141,0.8063,0.74519,0.70246,0.6953,0.78187,1.24055,0.0014464,0.0014464,0.0014464
866,14645.8,0.28152,0.29202,0.97708,0.81896,0.77784,0.80317,0.74251,0.70046,0.69439,0.79099,1.23829,0.0014365,0.0014365,0.0014365
867,14662.7,0.28352,0.29357,0.97143,0.81761,0.77786,0.79825,0.73842,0.69572,0.69517,0.79899,1.23947,0.0014266,0.0014266,0.0014266
868,14679.4,0.29179,0.30166,0.98088,0.81576,0.78026,0.80192,0.7447,0.70044,0.69527,0.80522,1.23922,0.0014167,0.0014167,0.0014167
869,14696.5,0.29649,0.30818,0.98881,0.81354,0.78024,0.80368,0.74666,0.70168,0.69575,0.79623,1.24069,0.0014068,0.0014068,0.0014068
870,14713.3,0.28524,0.28968,0.97859,0.77425,0.83192,0.8105,0.75477,0.70804,0.69557,0.79161,1.23961,0.0013969,0.0013969,0.0013969
871,14730.2,0.28933,0.30054,0.97693,0.81128,0.78596,0.80929,0.75306,0.70816,0.69468,0.78571,1.23813,0.001387,0.001387,0.001387
872,14747.1,0.27659,0.29318,0.98053,0.81152,0.78348,0.80684,0.74787,0.70243,0.69557,0.78564,1.23985,0.0013771,0.0013771,0.0013771
873,14764,0.29942,0.29001,0.98162,0.81757,0.78062,0.80366,0.74292,0.69901,0.69721,0.78957,1.24194,0.0013672,0.0013672,0.0013672
874,14780.8,0.28232,0.29636,0.97942,0.821,0.77928,0.80079,0.73899,0.69569,0.69815,0.79032,1.24338,0.0013573,0.0013573,0.0013573
875,14797.8,0.28074,0.28246,0.97854,0.82369,0.78424,0.80119,0.74137,0.69707,0.69682,0.78702,1.24266,0.0013474,0.0013474,0.0013474
876,14814.7,0.28761,0.29226,0.9755,0.82124,0.7907,0.8011,0.74119,0.697,0.69714,0.78283,1.24307,0.0013375,0.0013375,0.0013375
877,14831.8,0.28851,0.29215,0.9797,0.81818,0.7897,0.79806,0.73668,0.69369,0.69796,0.78432,1.24374,0.0013276,0.0013276,0.0013276
878,14848.6,0.29256,0.3004,0.98159,0.82475,0.78646,0.80219,0.73965,0.69918,0.6985,0.77569,1.24486,0.0013177,0.0013177,0.0013177
879,14865.4,0.29601,0.30461,0.9907,0.81983,0.79599,0.80193,0.73865,0.69651,0.7004,0.76916,1.24767,0.0013078,0.0013078,0.0013078
880,14882.2,0.28789,0.30783,0.97989,0.82614,0.79301,0.80238,0.73878,0.69743,0.7001,0.76739,1.24786,0.0012979,0.0012979,0.0012979
881,14899,0.28586,0.28707,0.97675,0.81555,0.79973,0.80278,0.73942,0.69828,0.6997,0.75997,1.24878,0.001288,0.001288,0.001288
882,14916.3,0.29568,0.28674,0.97974,0.82152,0.80243,0.80576,0.74285,0.70228,0.70066,0.75817,1.24997,0.0012781,0.0012781,0.0012781
883,14933.4,0.28161,0.29207,0.97605,0.80832,0.80757,0.80518,0.74173,0.70128,0.70199,0.75573,1.25148,0.0012682,0.0012682,0.0012682
884,14950.5,0.27991,0.28603,0.98147,0.81524,0.80549,0.80767,0.74431,0.70369,0.70202,0.75401,1.2519,0.0012583,0.0012583,0.0012583
885,14967.3,0.28713,0.29048,0.9824,0.81737,0.80364,0.80522,0.74213,0.70074,0.70287,0.75875,1.25368,0.0012484,0.0012484,0.0012484
886,14984,0.28186,0.28491,0.97589,0.81767,0.80368,0.80442,0.74093,0.69947,0.7035,0.75882,1.25456,0.0012385,0.0012385,0.0012385
887,15000.6,0.28465,0.29813,0.97813,0.81381,0.80556,0.80948,0.74573,0.70441,0.70489,0.75599,1.25645,0.0012286,0.0012286,0.0012286
888,15017.1,0.28556,0.29779,0.9799,0.81331,0.80543,0.80856,0.74536,0.70471,0.70606,0.7562,1.25838,0.0012187,0.0012187,0.0012187
889,15033.7,0.27845,0.29446,0.97429,0.80194,0.81373,0.8148,0.75057,0.70915,0.70591,0.7636,1.25874,0.0012088,0.0012088,0.0012088
890,15050.6,0.29641,0.29338,0.98837,0.80244,0.81311,0.80761,0.7443,0.70243,0.70463,0.7703,1.25754,0.0011989,0.0011989,0.0011989
891,15067.6,0.29653,0.2978,0.98408,0.79394,0.81369,0.80837,0.74376,0.70168,0.70412,0.77767,1.2581,0.001189,0.001189,0.001189
892,15084.5,0.28481,0.29672,0.97639,0.7657,0.84145,0.80665,0.74381,0.70034,0.70437,0.7826,1.2595,0.0011791,0.0011791,0.0011791
893,15101.6,0.27696,0.27871,0.96582,0.76498,0.84622,0.80579,0.74148,0.69875,0.70384,0.78294,1.25904,0.0011692,0.0011692,0.0011692
894,15118.5,0.28742,0.29449,0.97812,0.7663,0.84451,0.80554,0.74078,0.70024,0.70292,0.78255,1.25723,0.0011593,0.0011593,0.0011593
895,15135.6,0.27873,0.28247,0.97099,0.80588,0.79108,0.80461,0.74002,0.69917,0.70211,0.7824,1.25505,0.0011494,0.0011494,0.0011494
896,15152.6,0.29841,0.2948,0.98699,0.76753,0.84033,0.80516,0.73847,0.69884,0.70116,0.7757,1.25421,0.0011395,0.0011395,0.0011395
897,15169.6,0.27704,0.28587,0.97726,0.80025,0.79371,0.80244,0.73522,0.69572,0.70079,0.77544,1.25395,0.0011296,0.0011296,0.0011296
898,15186.3,0.28707,0.28843,0.97715,0.80485,0.7926,0.80521,0.73844,0.69942,0.70012,0.77828,1.25289,0.0011197,0.0011197,0.0011197
899,15203.1,0.26844,0.27574,0.96455,0.80598,0.79148,0.80294,0.73752,0.69918,0.70011,0.78105,1.25234,0.0011098,0.0011098,0.0011098
900,15220.2,0.28765,0.298,0.97914,0.80718,0.79068,0.80214,0.73845,0.69866,0.69965,0.78598,1.25275,0.0010999,0.0010999,0.0010999
901,15237.4,0.28427,0.29764,0.97412,0.79642,0.79157,0.80204,0.73875,0.69863,0.69905,0.78661,1.25167,0.00109,0.00109,0.00109
902,15254.4,0.28554,0.29743,0.97601,0.78352,0.79554,0.80155,0.73829,0.69809,0.69941,0.78739,1.25218,0.0010801,0.0010801,0.0010801
903,15271.5,0.2828,0.29135,0.98489,0.78453,0.79424,0.80078,0.73863,0.69673,0.70006,0.79141,1.2535,0.0010702,0.0010702,0.0010702
904,15288.4,0.28862,0.29469,0.97892,0.78753,0.78795,0.79999,0.73957,0.69621,0.7007,0.79531,1.25395,0.0010603,0.0010603,0.0010603
905,15305.1,0.2896,0.28714,0.98548,0.78734,0.79,0.80005,0.74,0.69645,0.70185,0.80164,1.25502,0.0010504,0.0010504,0.0010504
906,15321.8,0.27665,0.28027,0.9705,0.79655,0.78827,0.80068,0.7389,0.69675,0.7032,0.80289,1.25688,0.0010405,0.0010405,0.0010405
907,15338.6,0.28,0.29176,0.97849,0.79694,0.78779,0.79942,0.73743,0.69536,0.7037,0.80649,1.25719,0.0010306,0.0010306,0.0010306
908,15355.6,0.28602,0.29029,0.98499,0.78692,0.81086,0.79634,0.73529,0.69433,0.70358,0.80992,1.25791,0.0010207,0.0010207,0.0010207
909,15372.5,0.29107,0.30294,0.98131,0.78521,0.78405,0.79436,0.73317,0.69139,0.70298,0.80934,1.25732,0.0010108,0.0010108,0.0010108
910,15389.7,0.27523,0.27913,0.97949,0.76991,0.81804,0.8011,0.73935,0.69751,0.70221,0.81374,1.25671,0.0010009,0.0010009,0.0010009
911,15406.5,0.2753,0.28254,0.96673,0.7872,0.7913,0.79397,0.73375,0.69176,0.70085,0.81579,1.25519,0.000991,0.000991,0.000991
912,15423.4,0.29972,0.30804,0.99007,0.78677,0.79357,0.80626,0.74363,0.70339,0.69861,0.81346,1.25265,0.0009811,0.0009811,0.0009811
913,15440.2,0.28105,0.28423,0.98002,0.80599,0.76984,0.79324,0.73168,0.68888,0.69797,0.81312,1.25135,0.0009712,0.0009712,0.0009712
914,15457.3,0.27414,0.28743,0.97357,0.81827,0.76608,0.79908,0.7384,0.69589,0.69792,0.81387,1.25122,0.0009613,0.0009613,0.0009613
915,15474,0.27798,0.29592,0.97416,0.81706,0.76866,0.79927,0.74199,0.69626,0.69709,0.80766,1.25011,0.0009514,0.0009514,0.0009514
916,15491.1,0.27308,0.28038,0.97595,0.82256,0.76719,0.80447,0.74603,0.70256,0.69678,0.81078,1.25053,0.0009415,0.0009415,0.0009415
917,15507.8,0.27222,0.28443,0.96892,0.82548,0.76568,0.79914,0.74326,0.697,0.69652,0.81318,1.24942,0.0009316,0.0009316,0.0009316
918,15525,0.27361,0.2775,0.97779,0.82387,0.76513,0.80445,0.7479,0.7026,0.69664,0.81562,1.24926,0.0009217,0.0009217,0.0009217
919,15542.1,0.28379,0.28857,0.97345,0.8261,0.76482,0.79976,0.74473,0.69882,0.69633,0.81803,1.24838,0.0009118,0.0009118,0.0009118
920,15559,0.26698,0.2793,0.97279,0.82933,0.76245,0.79918,0.74452,0.69894,0.69669,0.82039,1.2491,0.0009019,0.0009019,0.0009019
921,15576,0.27329,0.28838,0.97653,0.83176,0.76,0.79795,0.74302,0.69832,0.69706,0.8226,1.25068,0.000892,0.000892,0.000892
922,15593.3,0.28072,0.27802,0.97543,0.83073,0.75909,0.7983,0.74225,0.69665,0.6981,0.82563,1.25186,0.0008821,0.0008821,0.0008821
923,15610.1,0.27491,0.28741,0.97165,0.82648,0.75898,0.79747,0.74143,0.69738,0.69812,0.83268,1.25322,0.0008722,0.0008722,0.0008722
924,15627.3,0.28152,0.28776,0.97329,0.82723,0.7539,0.79733,0.7411,0.69535,0.69834,0.83899,1.25363,0.0008623,0.0008623,0.0008623
925,15644.4,0.28206,0.29067,0.97545,0.80263,0.78043,0.79965,0.74337,0.69955,0.69835,0.84229,1.25452,0.0008524,0.0008524,0.0008524
926,15661.4,0.26436,0.27528,0.9628,0.78563,0.8036,0.80015,0.74314,0.69908,0.69838,0.84178,1.2552,0.0008425,0.0008425,0.0008425
927,15678.1,0.28192,0.28194,0.97531,0.78861,0.80515,0.80005,0.74268,0.69974,0.69801,0.83716,1.25581,0.0008326,0.0008326,0.0008326
928,15694.8,0.2854,0.28776,0.97315,0.7886,0.80565,0.80046,0.74285,0.70007,0.69873,0.83852,1.25652,0.0008227,0.0008227,0.0008227
929,15711.7,0.27026,0.27286,0.97247,0.77361,0.81383,0.79995,0.74281,0.69998,0.69987,0.84023,1.25713,0.0008128,0.0008128,0.0008128
930,15728.4,0.28022,0.28771,0.9746,0.77102,0.81682,0.79975,0.74242,0.69864,0.70128,0.84246,1.25829,0.0008029,0.0008029,0.0008029
931,15745.3,0.2757,0.27948,0.97682,0.77447,0.81356,0.79946,0.74232,0.69918,0.70259,0.84395,1.25936,0.000793,0.000793,0.000793
932,15762.3,0.26261,0.27197,0.96517,0.76753,0.81792,0.7914,0.73391,0.68968,0.70333,0.84301,1.25956,0.0007831,0.0007831,0.0007831
933,15779.3,0.27355,0.27651,0.97349,0.76717,0.81552,0.79014,0.73371,0.68926,0.70421,0.84466,1.25992,0.0007732,0.0007732,0.0007732
934,15796.2,0.27738,0.28015,0.9731,0.78405,0.80479,0.79667,0.74027,0.69532,0.7051,0.8474,1.2619,0.0007633,0.0007633,0.0007633
935,15813.2,0.27629,0.28613,0.9702,0.78635,0.80432,0.79512,0.73877,0.69396,0.70502,0.84599,1.26153,0.0007534,0.0007534,0.0007534
936,15830.1,0.26718,0.28388,0.97164,0.78493,0.80605,0.79483,0.73866,0.69477,0.70465,0.84523,1.26081,0.0007435,0.0007435,0.0007435
937,15847.3,0.28038,0.27827,0.96818,0.78863,0.80524,0.78592,0.72971,0.68629,0.70484,0.84665,1.2595,0.0007336,0.0007336,0.0007336
938,15864.2,0.27841,0.29453,0.97166,0.79026,0.80545,0.79376,0.73746,0.69369,0.70405,0.84582,1.25772,0.0007237,0.0007237,0.0007237
939,15881.2,0.27073,0.27273,0.97541,0.79365,0.80405,0.78446,0.72789,0.68447,0.70306,0.84667,1.25648,0.0007138,0.0007138,0.0007138
940,15898.3,0.27943,0.28444,0.97704,0.78854,0.80252,0.78387,0.72787,0.685,0.70253,0.84367,1.25601,0.0007039,0.0007039,0.0007039
941,15915.2,0.25955,0.27471,0.9697,0.78521,0.80435,0.7843,0.72904,0.68527,0.70285,0.84296,1.25689,0.000694,0.000694,0.000694
942,15932,0.28122,0.28179,0.97804,0.78285,0.80392,0.78321,0.72835,0.6848,0.70312,0.84311,1.25656,0.0006841,0.0006841,0.0006841
943,15948.6,0.27026,0.28281,0.97518,0.78146,0.80396,0.78437,0.72851,0.68575,0.70357,0.84346,1.25689,0.0006742,0.0006742,0.0006742
944,15965.4,0.28355,0.28751,0.98322,0.77095,0.81693,0.78428,0.72882,0.6852,0.7036,0.84185,1.25653,0.0006643,0.0006643,0.0006643
945,15982.1,0.28792,0.28864,0.97696,0.76364,0.82175,0.78435,0.72942,0.68503,0.70431,0.8376,1.2579,0.0006544,0.0006544,0.0006544
946,15999,0.28417,0.28487,0.96763,0.76254,0.82298,0.78462,0.72788,0.68543,0.70368,0.83549,1.25718,0.0006445,0.0006445,0.0006445
947,16016.1,0.28284,0.2714,0.97031,0.75954,0.82594,0.78443,0.72772,0.68381,0.7043,0.83586,1.25763,0.0006346,0.0006346,0.0006346
948,16033.1,0.28194,0.28682,0.9789,0.80388,0.77333,0.7837,0.72679,0.68423,0.70516,0.83846,1.25886,0.0006247,0.0006247,0.0006247
949,16050,0.27603,0.27255,0.97892,0.80253,0.77329,0.78312,0.72525,0.68228,0.70533,0.84135,1.25823,0.0006148,0.0006148,0.0006148
950,16067.3,0.27758,0.27923,0.97774,0.80443,0.7733,0.78395,0.72636,0.68276,0.70541,0.84119,1.25776,0.0006049,0.0006049,0.0006049
951,16084.5,0.26501,0.27232,0.96888,0.8036,0.773,0.78458,0.72888,0.68404,0.70394,0.84314,1.25625,0.000595,0.000595,0.000595
952,16101.2,0.26338,0.26294,0.96541,0.81446,0.76395,0.78462,0.72791,0.68493,0.70451,0.84471,1.25648,0.0005851,0.0005851,0.0005851
953,16118.3,0.27516,0.28931,0.9671,0.8085,0.76405,0.78739,0.7316,0.68777,0.70344,0.85006,1.25515,0.0005752,0.0005752,0.0005752
954,16135.2,0.28393,0.29308,0.97477,0.81501,0.76415,0.78458,0.72796,0.68441,0.70326,0.85428,1.25524,0.0005653,0.0005653,0.0005653
955,16152.3,0.27324,0.28617,0.98223,0.81582,0.76367,0.78527,0.73084,0.68605,0.70299,0.85303,1.25488,0.0005554,0.0005554,0.0005554
956,16169.3,0.26709,0.27841,0.96878,0.80171,0.77684,0.78507,0.72716,0.68461,0.70176,0.8506,1.25394,0.0005455,0.0005455,0.0005455
957,16186.4,0.28414,0.28272,0.97425,0.80218,0.77908,0.78527,0.72743,0.6853,0.7015,0.84892,1.25349,0.0005356,0.0005356,0.0005356
958,16203.4,0.2685,0.2765,0.96238,0.80108,0.77994,0.78826,0.7301,0.68885,0.70164,0.84684,1.25391,0.0005257,0.0005257,0.0005257
959,16220.3,0.26083,0.26256,0.97229,0.8023,0.7808,0.78849,0.73269,0.68918,0.70148,0.84605,1.25391,0.0005158,0.0005158,0.0005158
960,16237,0.25366,0.2592,0.96822,0.80271,0.7807,0.78893,0.73276,0.6899,0.70063,0.84445,1.25331,0.0005059,0.0005059,0.0005059
961,16254,0.26647,0.26897,0.95872,0.80173,0.77988,0.78589,0.72923,0.68606,0.70049,0.84062,1.25326,0.000496,0.000496,0.000496
962,16271.1,0.27097,0.26955,0.96802,0.79951,0.78142,0.78643,0.72978,0.68879,0.70008,0.83942,1.25279,0.0004861,0.0004861,0.0004861
963,16287.8,0.25716,0.26271,0.96593,0.79887,0.7862,0.78635,0.72989,0.68766,0.69916,0.83446,1.25124,0.0004762,0.0004762,0.0004762
964,16304.8,0.27525,0.27686,0.96809,0.80077,0.78843,0.7868,0.73047,0.68882,0.69836,0.82693,1.24996,0.0004663,0.0004663,0.0004663
965,16321.8,0.27035,0.28063,0.97592,0.80382,0.78653,0.78684,0.72894,0.68886,0.69764,0.82195,1.24859,0.0004564,0.0004564,0.0004564
966,16338.9,0.25383,0.263,0.96318,0.80296,0.78701,0.78724,0.72938,0.68937,0.69705,0.81806,1.24775,0.0004465,0.0004465,0.0004465
967,16355.9,0.27225,0.26593,0.97218,0.80405,0.786,0.78751,0.73039,0.68907,0.6971,0.81884,1.24771,0.0004366,0.0004366,0.0004366
968,16372.9,0.26415,0.27065,0.97385,0.80715,0.78103,0.78733,0.73036,0.6878,0.69794,0.82024,1.24887,0.0004267,0.0004267,0.0004267
969,16390.1,0.2673,0.27946,0.96948,0.80728,0.78079,0.79397,0.73586,0.69357,0.69786,0.82115,1.24918,0.0004168,0.0004168,0.0004168
970,16407,0.27161,0.27744,0.97576,0.80583,0.78111,0.79143,0.73385,0.69157,0.69761,0.82313,1.24829,0.0004069,0.0004069,0.0004069
971,16424,0.26893,0.27048,0.97314,0.80451,0.78159,0.7913,0.73368,0.69079,0.69826,0.82316,1.24848,0.000397,0.000397,0.000397
972,16441.1,0.25963,0.26155,0.96561,0.80169,0.78266,0.79164,0.73423,0.69133,0.6989,0.82476,1.24953,0.0003871,0.0003871,0.0003871
973,16458.1,0.25766,0.26826,0.95571,0.8059,0.7819,0.79168,0.7355,0.69136,0.69886,0.82426,1.24958,0.0003772,0.0003772,0.0003772
974,16474.9,0.26572,0.27482,0.96879,0.80325,0.78072,0.79176,0.7354,0.69126,0.69899,0.82501,1.24989,0.0003673,0.0003673,0.0003673
975,16491.9,0.26439,0.26788,0.9679,0.79751,0.7874,0.79116,0.73488,0.69125,0.6992,0.82475,1.24976,0.0003574,0.0003574,0.0003574
976,16509,0.26353,0.26932,0.96936,0.79785,0.79076,0.79138,0.73511,0.69181,0.69909,0.82418,1.24998,0.0003475,0.0003475,0.0003475
977,16525.9,0.27002,0.27708,0.96609,0.79806,0.79207,0.79211,0.7355,0.69131,0.70036,0.82472,1.25166,0.0003376,0.0003376,0.0003376
978,16542.9,0.27839,0.28803,0.97058,0.79975,0.78545,0.79315,0.7355,0.69226,0.70109,0.82276,1.25291,0.0003277,0.0003277,0.0003277
979,16559.5,0.25524,0.26057,0.96447,0.79986,0.7862,0.79367,0.73633,0.69244,0.70044,0.81909,1.25214,0.0003178,0.0003178,0.0003178
980,16576.4,0.26928,0.2758,0.96533,0.80026,0.7882,0.79476,0.73733,0.69427,0.70009,0.81736,1.2519,0.0003079,0.0003079,0.0003079
981,16593.2,0.25863,0.26155,0.96402,0.80086,0.78985,0.79948,0.74201,0.69826,0.6998,0.8161,1.25141,0.000298,0.000298,0.000298
982,16610,0.27596,0.27739,0.97181,0.8007,0.79136,0.79993,0.74243,0.69887,0.70001,0.81559,1.25132,0.0002881,0.0002881,0.0002881
983,16626.9,0.25996,0.26721,0.96467,0.80085,0.79072,0.79991,0.74213,0.69846,0.69968,0.81527,1.25092,0.0002782,0.0002782,0.0002782
984,16644.1,0.27202,0.26998,0.97279,0.80101,0.79051,0.80207,0.7433,0.70106,0.69989,0.81455,1.25151,0.0002683,0.0002683,0.0002683
985,16661.2,0.2566,0.25694,0.95919,0.80063,0.79218,0.80002,0.741,0.69815,0.70012,0.81312,1.25199,0.0002584,0.0002584,0.0002584
986,16678.4,0.2623,0.27955,0.96615,0.79735,0.79775,0.80046,0.74122,0.69859,0.70023,0.81026,1.25195,0.0002485,0.0002485,0.0002485
987,16695.5,0.26737,0.27437,0.97606,0.79646,0.80252,0.80046,0.74117,0.6985,0.70016,0.80813,1.25184,0.0002386,0.0002386,0.0002386
988,16712.5,0.26522,0.26539,0.96537,0.79505,0.80378,0.80098,0.74182,0.69907,0.70016,0.80566,1.25182,0.0002287,0.0002287,0.0002287
989,16729.5,0.25972,0.26098,0.96551,0.79483,0.80374,0.8011,0.74184,0.69843,0.70078,0.80472,1.25289,0.0002188,0.0002188,0.0002188
990,16746.4,0.2526,0.25692,0.95985,0.79518,0.80385,0.80119,0.74187,0.6989,0.70117,0.80476,1.25314,0.0002089,0.0002089,0.0002089
991,16763.1,0.25796,0.28827,0.99659,0.79573,0.80108,0.80104,0.74118,0.69856,0.70125,0.80434,1.25459,0.000199,0.000199,0.000199
992,16779.6,0.2566,0.24458,0.99938,0.80146,0.79578,0.80073,0.74089,0.69729,0.70062,0.80065,1.2565,0.0001891,0.0001891,0.0001891
993,16795.9,0.23124,0.24069,0.97876,0.79694,0.80148,0.79995,0.74169,0.69666,0.70007,0.79907,1.25729,0.0001792,0.0001792,0.0001792
994,16812.1,0.2361,0.22295,0.98169,0.79523,0.80695,0.80227,0.74274,0.69821,0.699,0.79474,1.25826,0.0001693,0.0001693,0.0001693
995,16828.5,0.22792,0.21487,0.98867,0.79293,0.80713,0.80853,0.7517,0.70562,0.69882,0.79258,1.25976,0.0001594,0.0001594,0.0001594
996,16845.1,0.23373,0.23067,0.98891,0.79502,0.80376,0.80748,0.75063,0.70452,0.69961,0.79212,1.26254,0.0001495,0.0001495,0.0001495
997,16861.6,0.22942,0.21809,0.97724,0.79855,0.79902,0.80438,0.74587,0.70176,0.70082,0.79077,1.26566,0.0001396,0.0001396,0.0001396
998,16878.1,0.23803,0.2268,0.99176,0.79763,0.79978,0.80752,0.74858,0.70448,0.70119,0.79118,1.26789,0.0001297,0.0001297,0.0001297
999,16894.8,0.22844,0.22502,0.98282,0.7974,0.79944,0.80328,0.74466,0.70073,0.70151,0.79315,1.26909,0.0001198,0.0001198,0.0001198
1000,16911,0.23434,0.21912,0.97687,0.79731,0.79849,0.80341,0.74454,0.70039,0.70207,0.79378,1.27071,0.0001099,0.0001099,0.0001099
